representative_id,first_name,last_name,territory_id,email,active
FR0001,Aishani,Bassi,T007,aishani.bassi1@example.com,True
FR0002,Tripti,Yadav,T018,tripti.yadav2@example.com,True
FR0003,Jeet,Radhakrishnan,T014,jeet.radhakrishnan3@example.com,True
FR0004,Farhan,Memon,T008,farhan.memon4@example.com,True
FR0005,Janaki,Handa,T015,janaki.handa5@example.com,True
FR0006,Ekaraj,Bath,T019,ekaraj.bath6@example.com,True
FR0007,Vedant,Mann,T009,vedant.mann7@example.com,True
FR0008,Fariq,Kaul,T001,fariq.kaul8@example.com,True
FR0009,Harrison,Rai,T006,harrison.rai9@example.com,True
FR0010,Arunima,Setty,T014,arunima.setty10@example.com,True
FR0011,Janya,Gaba,T011,janya.gaba11@example.com,True
FR0012,Kamala,Pant,T009,kamala.pant12@example.com,True
FR0013,Shaurya,Loke,T005,shaurya.loke13@example.com,True
FR0014,Ekbal,Garg,T007,ekbal.garg14@example.com,True
FR0015,Yash,Gade,T011,yash.gade15@example.com,True
FR0016,Turvi,Raghavan,T004,turvi.raghavan16@example.com,True
FR0017,Anamika,Kanda,T003,anamika.kanda17@example.com,True
FR0018,Ekta,Bhalla,T013,ekta.bhalla18@example.com,True
FR0019,Veer,Balay,T004,veer.balay19@example.com,True
FR0020,Diya,Rattan,T012,diya.rattan20@example.com,True
FR0021,Amrita,Bhatti,T012,amrita.bhatti21@example.com,True
FR0022,Siddharth,Murty,T020,siddharth.murty22@example.com,True
FR0023,Simon,Tata,T009,simon.tata23@example.com,True
FR0024,Meghana,Shanker,T002,meghana.shanker24@example.com,True
FR0025,Luke,Lanka,T015,luke.lanka25@example.com,True
FR0026,Liam,Koshy,T018,liam.koshy26@example.com,True
FR0027,Adya,Sangha,T004,adya.sangha27@example.com,True
FR0028,Mohini,Pathak,T013,mohini.pathak28@example.com,True
FR0029,Theodore,Devi,T003,theodore.devi29@example.com,True
FR0030,Yashodhara,Tak,T018,yashodhara.tak30@example.com,True
FR0031,Gavin,Batta,T010,gavin.batta31@example.com,True
FR0032,Imaran,Dua,T020,imaran.dua32@example.com,True
FR0033,Nathaniel,Sami,T012,nathaniel.sami33@example.com,True
FR0034,Devansh,Rajan,T019,devansh.rajan34@example.com,True
FR0035,Lakshmi,Sidhu,T007,lakshmi.sidhu35@example.com,True
FR0036,Zayan,Apte,T003,zayan.apte36@example.com,True
FR0037,Ishwar,Yadav,T002,ishwar.yadav37@example.com,True
FR0038,Amara,Oak,T008,amara.oak38@example.com,True
FR0039,Isaac,Memon,T010,isaac.memon39@example.com,True
FR0040,Radhika,Dugar,T003,radhika.dugar40@example.com,True
FR0041,Sudiksha,Aggarwal,T008,sudiksha.aggarwal41@example.com,True
FR0042,Adya,Tella,T004,adya.tella42@example.com,True
FR0043,Pranav,Tripathi,T013,pranav.tripathi43@example.com,True
FR0044,Hitesh,Misra,T009,hitesh.misra44@example.com,True
FR0045,Yashica,Issac,T015,yashica.issac45@example.com,True
FR0046,Michael,Prakash,T012,michael.prakash46@example.com,True
FR0047,Neel,Zacharia,T006,neel.zacharia47@example.com,True
FR0048,Aadi,Naik,T012,aadi.naik48@example.com,True
FR0049,Vrinda,Bahl,T012,vrinda.bahl49@example.com,True
FR0050,Isaac,Patil,T007,isaac.patil50@example.com,True
FR0051,Damyanti,Khatri,T009,damyanti.khatri51@example.com,True
FR0052,Dalbir,Khosla,T003,dalbir.khosla52@example.com,True
FR0053,Farhan,Chada,T020,farhan.chada53@example.com,True
FR0054,Vedika,Biswas,T006,vedika.biswas54@example.com,True
FR0055,Jeremiah,Dave,T018,jeremiah.dave55@example.com,True
FR0056,Vaishnavi,Gandhi,T008,vaishnavi.gandhi56@example.com,True
FR0057,Alka,Wable,T006,alka.wable57@example.com,True
FR0058,Pallavi,Kakar,T015,pallavi.kakar58@example.com,True
FR0059,Sai,Muni,T013,sai.muni59@example.com,True
FR0060,Mohini,Prakash,T009,mohini.prakash60@example.com,True
FR0061,Raksha,Varughese,T018,raksha.varughese61@example.com,True
FR0062,Siya,Dara,T008,siya.dara62@example.com,True
FR0063,Yug,Kar,T011,yug.kar63@example.com,True
FR0064,Devansh,Nigam,T002,devansh.nigam64@example.com,True
FR0065,Ansh,Karpe,T008,ansh.karpe65@example.com,True
FR0066,Thomas,Amble,T002,thomas.amble66@example.com,True
FR0067,Ekavir,Bhargava,T011,ekavir.bhargava67@example.com,True
FR0068,Veer,Bir,T013,veer.bir68@example.com,True
FR0069,Azad,Narayanan,T009,azad.narayanan69@example.com,True
FR0070,Ekavir,Varkey,T003,ekavir.varkey70@example.com,True
FR0071,Wazir,Mallick,T007,wazir.mallick71@example.com,True
FR0072,Vedika,Kala,T019,vedika.kala72@example.com,True
FR0073,Kevin,Solanki,T011,kevin.solanki73@example.com,True
FR0074,Xavier,Solanki,T007,xavier.solanki74@example.com,True
FR0075,Niharika,Gupta,T016,niharika.gupta75@example.com,True
FR0076,Girindra,Chatterjee,T013,girindra.chatterjee76@example.com,True
FR0077,Raagini,Pandya,T015,raagini.pandya77@example.com,True
FR0078,Pallavi,Roy,T005,pallavi.roy78@example.com,True
FR0079,Unni,Bhagat,T009,unni.bhagat79@example.com,True
FR0080,Guneet,Bhat,T005,guneet.bhat80@example.com,True
FR0081,Neha,Nori,T008,neha.nori81@example.com,True
FR0082,Ikbal,Kothari,T018,ikbal.kothari82@example.com,True
FR0083,Rehaan,Gupta,T018,rehaan.gupta83@example.com,True
FR0084,Saumya,Dey,T009,saumya.dey84@example.com,True
FR0085,Pahal,Goswami,T019,pahal.goswami85@example.com,True
FR0086,Arya,Shere,T014,arya.shere86@example.com,True
FR0087,Zaid,Borra,T019,zaid.borra87@example.com,True
FR0088,Saanvi,Chaudhari,T013,saanvi.chaudhari88@example.com,True
FR0089,Chandresh,Zachariah,T012,chandresh.zachariah89@example.com,True
FR0090,Alexander,Chander,T008,alexander.chander90@example.com,True
FR0091,Warjas,Ganesan,T005,warjas.ganesan91@example.com,True
FR0092,Niharika,Sunder,T017,niharika.sunder92@example.com,True
FR0093,Vasana,Kala,T016,vasana.kala93@example.com,True
FR0094,Nandini,Bhargava,T003,nandini.bhargava94@example.com,True
FR0095,Nitesh,Raghavan,T002,nitesh.raghavan95@example.com,True
FR0096,Aarnav,Ramakrishnan,T004,aarnav.ramakrishnan96@example.com,True
FR0097,Alka,Sha,T005,alka.sha97@example.com,True
FR0098,Bhavika,Sampath,T006,bhavika.sampath98@example.com,True
FR0099,Vidhi,Dubey,T014,vidhi.dubey99@example.com,True
FR0100,Ranveer,Minhas,T020,ranveer.minhas100@example.com,True
