transaction id,representative_id,doctor code,product id,sales date,net sales,units,territory code,sale status
1,FR0001,D000006,P010,2026-01-21,90474.94,61,T007,Valid
2,FR0001,D000006,P010,2026-02-18,95550.53,64,T007,Valid
3,FR0001,D000006,P010,2026-03-04,104086.9,70,T007,Valid
4,FR0001,D000006,P010,2026-04-19,102282.76,69,T007,Valid
5,FR0001,D000006,P010,2026-05-05,95100.22,64,T007,Valid
6,FR0001,D000006,P010,2026-06-07,96426.15,65,T007,Valid
7,FR0001,D000006,P010,2026-07-15,99336.44,67,T007,Valid
8,FR0001,D000006,P014,2026-01-03,176038.83,174,T007,Valid
9,FR0001,D000006,P014,2026-02-08,98621.21,97,T007,Valid
10,FR0001,D000006,P014,2026-03-14,93194.47,92,T007,Valid
11,FR0001,D000006,P014,2026-04-13,99866.4,99,T007,Valid
12,FR0001,D000006,P014,2026-05-05,102613.7,101,T007,Valid
13,FR0001,D000006,P014,2026-06-26,94345.8,93,T007,Valid
14,FR0001,D000006,P014,2026-07-25,98272.45,97,T007,Valid
15,FR0001,D000006,P006,2026-01-13,59251.57,32,T007,Valid
16,FR0001,D000006,P006,2026-02-05,64317.94,35,T007,Valid
17,FR0001,D000006,P006,2026-03-24,66739.47,36,T007,Valid
18,FR0001,D000006,P006,2026-04-13,96453.09,52,T007,Valid
19,FR0001,D000006,P006,2026-05-14,61475.97,33,T007,Valid
20,FR0001,D000006,P006,2026-06-08,60857.42,33,T007,Valid
21,FR0001,D000006,P006,2026-07-01,62821.61,34,T007,Valid
22,FR0002,D000002,P019,2026-01-05,53309.24,34,T018,Valid
23,FR0002,D000007,P019,2026-02-23,25810.76,17,T018,Valid
24,FR0002,D000002,P019,2026-02-07,25810.76,17,T018,Valid
25,FR0002,D000002,P019,2026-03-27,26775.74,17,T018,Valid
26,FR0002,D000007,P019,2026-03-02,26775.74,17,T018,Valid
27,FR0002,D000007,P019,2026-04-18,25956.99,17,T018,Valid
28,FR0002,D000002,P019,2026-04-04,25956.99,17,T018,Valid
29,FR0002,D000007,P019,2026-05-14,29401.34,19,T018,Valid
30,FR0002,D000002,P019,2026-05-02,29401.34,19,T018,Valid
31,FR0002,D000007,P019,2026-06-22,30889.68,20,T018,Valid
32,FR0002,D000002,P019,2026-06-22,30889.68,20,T018,Valid
33,FR0002,D000002,P019,2026-07-06,28595.06,18,T018,Valid
34,FR0002,D000007,P019,2026-07-26,28595.06,18,T018,Valid
35,FR0002,D000007,P004,2026-01-26,70922.97,214,T018,Valid
36,FR0002,D000002,P004,2026-01-04,70922.97,214,T018,Valid
37,FR0002,D000007,P004,2026-02-27,79363.76,239,T018,Valid
38,FR0002,D000002,P004,2026-02-08,79363.76,239,T018,Valid
39,FR0002,D000007,P004,2026-03-04,137386.5,414,T018,Valid
40,FR0002,D000007,P004,2026-04-24,81030.42,244,T018,Valid
41,FR0002,D000002,P004,2026-04-11,81030.42,244,T018,Valid
42,FR0002,D000002,P004,2026-05-02,73796.99,222,T018,Valid
43,FR0002,D000007,P004,2026-05-14,73796.99,222,T018,Valid
44,FR0002,D000007,P004,2026-06-03,78528.63,236,T018,Valid
45,FR0002,D000002,P004,2026-06-11,78528.63,236,T018,Valid
46,FR0002,D000007,P004,2026-07-11,79194.14,238,T018,Valid
47,FR0002,D000002,P004,2026-07-23,79194.14,238,T018,Valid
48,FR0002,D000007,P003,2026-01-18,52381.19,152,T018,Valid
49,FR0002,D000002,P003,2026-01-01,52381.19,152,T018,Valid
50,FR0002,D000007,P003,2026-02-15,52975.81,153,T018,Valid
51,FR0002,D000002,P003,2026-02-07,52975.81,153,T018,Valid
52,FR0002,D000002,P003,2026-03-17,58498.53,169,T018,Valid
53,FR0002,D000007,P003,2026-03-21,58498.53,169,T018,Valid
54,FR0002,D000002,P003,2026-04-05,57528.76,167,T018,Valid
55,FR0002,D000007,P003,2026-04-02,57528.76,167,T018,Valid
56,FR0002,D000007,P003,2026-05-23,55101.33,160,T018,Valid
57,FR0002,D000002,P003,2026-05-13,55101.33,160,T018,Valid
58,FR0002,D000007,P003,2026-06-06,49667.55,144,T018,Valid
59,FR0002,D000002,P003,2026-06-23,49667.55,144,T018,Valid
60,FR0002,D000007,P003,2026-07-26,54470.09,158,T018,Valid
61,FR0002,D000002,P003,2026-07-22,54470.09,158,T018,Valid
62,FR0002,D000007,P018,2026-01-06,86892.82,49,T018,Valid
63,FR0002,D000002,P018,2026-01-16,86892.82,49,T018,Valid
64,FR0002,D000007,P018,2026-02-09,75658.1,42,T018,Valid
65,FR0002,D000002,P018,2026-02-03,75658.1,42,T018,Valid
66,FR0002,D000002,P018,2026-03-05,76084.95,43,T018,Valid
67,FR0002,D000007,P018,2026-03-13,76084.95,43,T018,Valid
68,FR0002,D000007,P018,2026-04-02,75077.57,42,T018,Valid
69,FR0002,D000002,P018,2026-04-27,75077.57,42,T018,Valid
70,FR0002,D000007,P018,2026-05-01,84771.57,48,T018,Valid
71,FR0002,D000002,P018,2026-05-10,84771.57,48,T018,Valid
72,FR0002,D000002,P018,2026-06-08,86896.58,49,T018,Valid
73,FR0002,D000007,P018,2026-06-14,86896.58,49,T018,Valid
74,FR0002,D000002,P018,2026-07-03,77208.35,43,T005,Valid
75,FR0002,D000007,P018,2026-07-06,77208.35,43,T006,Valid
76,FR0002,D000007,P007,2026-01-27,34692.44,14,T018,Valid
77,FR0002,D000002,P007,2026-01-16,34692.44,14,T018,Valid
78,FR0002,D000002,P007,2026-02-25,32456.48,13,T018,Valid
79,FR0002,D000007,P007,2026-02-08,32456.48,13,T018,Valid
80,FR0002,D000002,P007,2026-03-15,36916.02,15,T018,Valid
81,FR0002,D000007,P007,2026-03-09,36916.02,15,T018,Valid
82,FR0002,D000002,P007,2026-04-04,36795.04,15,T018,Valid
83,FR0002,D000007,P007,2026-04-01,36795.04,15,T018,Valid
84,FR0002,D000002,P007,2026-05-04,39161.98,16,T018,Valid
85,FR0002,D000007,P007,2026-05-25,39161.98,16,T018,Valid
86,FR0002,D000002,P007,2026-06-18,36752.1,15,T018,Valid
87,FR0002,D000007,P007,2026-06-22,36752.1,15,T018,Valid
88,FR0002,D000007,P007,2026-07-21,68556.38,28,T020,Valid
89,FR0002,D000002,P007,2026-07-25,68556.38,28,T020,Valid
90,FR0002,D000007,P017,2026-01-08,46499.09,77,T018,Valid
91,FR0002,D000002,P017,2026-01-15,46499.09,77,T018,Valid
92,FR0002,D000002,P017,2026-02-07,47096.34,78,T018,Valid
93,FR0002,D000007,P017,2026-02-26,47096.34,78,T018,Valid
94,FR0002,D000002,P017,2026-03-03,52378.53,87,T018,Valid
95,FR0002,D000007,P017,2026-03-24,52378.53,87,T018,Valid
96,FR0002,D000007,P017,2026-04-03,51091.46,85,T018,Valid
97,FR0002,D000002,P017,2026-04-08,51091.46,85,T018,Valid
98,FR0002,D000007,P017,2026-05-24,46329.47,77,T018,Valid
99,FR0002,D000002,P017,2026-05-11,46329.47,77,T018,Valid
100,FR0002,D000002,P017,2026-06-04,45957.65,76,T018,Valid
101,FR0002,D000007,P017,2026-06-18,45957.65,76,T018,Valid
102,FR0002,D000007,P017,2026-07-27,45121.32,75,T018,Valid
103,FR0002,D000002,P017,2026-07-10,45121.32,75,T018,Valid
104,FR0002,D000007,P009,2026-01-21,38647.54,18,T018,Valid
105,FR0002,D000002,P009,2026-01-16,38647.54,18,T018,Valid
106,FR0002,D000007,P009,2026-02-02,42748.09,20,T018,Valid
107,FR0002,D000002,P009,2026-02-16,42748.09,20,T018,Valid
108,FR0002,D000002,P009,2026-03-26,41159.51,20,T018,Valid
109,FR0002,D000007,P009,2026-03-10,41159.51,20,T018,Valid
110,FR0002,D000002,P009,2026-04-15,38573.02,18,T018,Valid
111,FR0002,D000007,P009,2026-04-10,38573.02,18,T018,Valid
112,FR0002,D000002,P009,2026-05-21,40285.97,19,T018,Valid
113,FR0002,D000007,P009,2026-05-09,40285.97,19,T018,Valid
114,FR0002,D000002,P009,2026-06-15,39685.61,19,T018,Valid
115,FR0002,D000007,P009,2026-06-20,39685.61,19,T018,Valid
116,FR0002,D000002,P009,2026-07-09,39608.74,19,T018,Valid
117,FR0002,D000007,P009,2026-07-26,39608.74,19,T018,Valid
118,FR0006,D000010,P022,2026-01-04,35931.3,48,T019,Valid
119,FR0006,D000004,P022,2026-01-23,35931.3,48,T019,Valid
120,FR0006,D000003,P022,2026-01-23,35931.3,48,T019,Valid
121,FR0006,D000010,P022,2026-02-14,59452.78,79,T019,Valid
122,FR0006,D000003,P022,2026-02-11,59452.78,79,T019,Valid
123,FR0006,D000010,P022,2026-03-19,36103.23,48,T019,Valid
124,FR0006,D000003,P022,2026-03-25,36103.23,48,T019,Valid
125,FR0006,D000004,P022,2026-03-06,36103.23,48,T019,Valid
126,FR0006,D000004,P022,2026-04-16,39132.4,52,T019,Valid
127,FR0006,D000010,P022,2026-04-14,39132.4,52,T019,Valid
128,FR0006,D000003,P022,2026-04-11,39132.4,52,T019,Valid
129,FR0006,D000004,P022,2026-05-15,36703.17,49,T019,Valid
130,FR0006,D000010,P022,2026-05-11,36703.17,49,T019,Valid
131,FR0006,D000003,P022,2026-05-11,36703.17,49,T019,Valid
132,FR0006,D000010,P022,2026-06-14,58205.85,78,T019,Valid
133,FR0006,D000004,P022,2026-06-07,58205.85,78,T019,Valid
134,FR0006,D000003,P022,2026-07-18,62767.29,84,T019,Valid
135,FR0006,D000004,P022,2026-07-10,62767.29,84,T019,Valid
136,FR0006,D000010,P026,2026-01-21,151326.39,204,T019,Valid
137,FR0006,D000004,P026,2026-02-08,53675.67,72,T019,Valid
138,FR0006,D000010,P026,2026-02-18,53675.67,72,T019,Valid
139,FR0006,D000003,P026,2026-02-13,53675.67,72,T019,Valid
140,FR0006,D000004,P026,2026-03-11,73711.38,99,T019,Valid
141,FR0006,D000010,P026,2026-03-17,73711.38,99,T019,Valid
142,FR0006,D000010,P026,2026-04-15,46732.55,63,T019,Valid
143,FR0006,D000004,P026,2026-04-16,46732.55,63,T019,Valid
144,FR0006,D000003,P026,2026-04-11,46732.55,63,T019,Valid
145,FR0006,D000010,P026,2026-05-08,47740.89,64,T019,Valid
146,FR0006,D000003,P026,2026-05-14,47740.89,64,T019,Valid
147,FR0006,D000004,P026,2026-05-11,47740.89,64,T019,Valid
148,FR0006,D000004,P026,2026-06-17,53470.28,72,T019,Valid
149,FR0006,D000003,P026,2026-06-11,53470.28,72,T019,Valid
150,FR0006,D000010,P026,2026-06-15,53470.28,72,T019,Valid
151,FR0006,D000010,P026,2026-07-16,48592.66,65,T019,Valid
152,FR0006,D000003,P026,2026-07-09,48592.66,65,T019,Valid
153,FR0006,D000004,P026,2026-07-20,48592.66,65,T019,Valid
154,FR0006,D000010,P007,2026-01-20,30646.32,13,T019,Valid
155,FR0006,D000004,P007,2026-01-08,30646.32,13,T019,Valid
156,FR0006,D000003,P007,2026-01-22,30646.32,13,T019,Valid
157,FR0006,D000010,P007,2026-02-15,46667.99,19,T019,Valid
158,FR0006,D000003,P007,2026-02-23,46667.99,19,T019,Valid
159,FR0006,D000004,P007,2026-03-05,26605.18,11,T019,Valid
160,FR0006,D000010,P007,2026-03-17,26605.18,11,T019,Valid
161,FR0006,D000003,P007,2026-03-19,26605.18,11,T019,Valid
162,FR0006,D000010,P007,2026-04-19,27402.6,11,T019,Valid
163,FR0006,D000003,P007,2026-04-08,27402.6,11,T019,Valid
164,FR0006,D000004,P007,2026-04-21,27402.6,11,T019,Valid
165,FR0006,D000004,P007,2026-05-15,30597.98,13,T019,Valid
166,FR0006,D000003,P007,2026-05-19,30597.98,13,T019,Valid
167,FR0006,D000010,P007,2026-05-21,30597.98,13,T019,Valid
168,FR0006,D000004,P007,2026-06-13,29247.4,12,T019,Valid
169,FR0006,D000003,P007,2026-06-12,29247.4,12,T019,Valid
170,FR0006,D000010,P007,2026-06-10,29247.4,12,T019,Valid
171,FR0006,D000003,P007,2026-07-27,32598.74,13,T019,Valid
172,FR0006,D000010,P007,2026-07-25,32598.74,13,T019,Valid
173,FR0006,D000004,P007,2026-07-08,32598.74,13,T019,Valid
174,FR0006,D000010,P014,2026-01-10,43373.4,43,T019,Valid
175,FR0006,D000003,P014,2026-01-15,43373.4,43,T019,Valid
176,FR0006,D000004,P014,2026-01-19,43373.4,43,T019,Valid
177,FR0006,D000003,P014,2026-02-26,41770.01,41,T019,Valid
178,FR0006,D000010,P014,2026-02-12,41770.01,41,T019,Valid
179,FR0006,D000004,P014,2026-02-17,41770.01,41,T019,Valid
180,FR0006,D000004,P014,2026-03-15,43436.77,43,T019,Valid
181,FR0006,D000010,P014,2026-03-05,43436.77,43,T019,Valid
182,FR0006,D000003,P014,2026-03-08,43436.77,43,T019,Valid
183,FR0006,D000004,P014,2026-04-01,50659.5,50,T019,Valid
184,FR0006,D000003,P014,2026-04-18,50659.5,50,T019,Valid
185,FR0006,D000010,P014,2026-04-15,50659.5,50,T019,Valid
186,FR0006,D000003,P014,2026-05-01,47586.46,47,T019,Valid
187,FR0006,D000010,P014,2026-05-18,47586.46,47,T019,Valid
188,FR0006,D000004,P014,2026-05-20,47586.46,47,T019,Valid
189,FR0006,D000010,P014,2026-06-05,47217.45,47,T019,Valid
190,FR0006,D000004,P014,2026-06-02,47217.45,47,T019,Valid
191,FR0006,D000003,P014,2026-06-16,47217.45,47,T019,Valid
192,FR0006,D000004,P014,2026-07-14,49733.57,49,T019,Valid
193,FR0006,D000010,P014,2026-07-04,49733.57,49,T019,Valid
194,FR0006,D000003,P014,2026-07-16,49733.57,49,T019,Valid
195,FR0006,D000004,P004,2026-01-02,87329.37,263,T019,Valid
196,FR0006,D000003,P004,2026-02-02,33009.48,99,T019,Valid
197,FR0006,D000010,P004,2026-02-11,33009.48,99,T019,Valid
198,FR0006,D000004,P004,2026-02-05,33009.48,99,T019,Valid
199,FR0006,D000010,P004,2026-03-11,27139.84,82,T019,Valid
200,FR0006,D000003,P004,2026-03-05,27139.84,82,T019,Valid
201,FR0006,D000004,P004,2026-03-20,27139.84,82,T019,Valid
202,FR0006,D000004,P004,2026-04-22,33112.71,100,T019,Valid
203,FR0006,D000003,P004,2026-04-05,33112.71,100,T019,Valid
204,FR0006,D000010,P004,2026-04-12,33112.71,100,T019,Valid
205,FR0006,D000003,P004,2026-05-17,30534.29,92,T019,Valid
206,FR0006,D000010,P004,2026-05-24,30534.29,92,T019,Valid
207,FR0006,D000004,P004,2026-05-16,30534.29,92,T019,Valid
208,FR0006,D000003,P004,2026-06-15,30040.92,90,T019,Valid
209,FR0006,D000010,P004,2026-06-01,30040.92,90,T019,Valid
210,FR0006,D000004,P004,2026-06-16,30040.92,90,T019,Valid
211,FR0006,D000003,P004,2026-07-20,27396.6,82,T019,Valid
212,FR0006,D000010,P004,2026-07-03,27396.6,82,T019,Valid
213,FR0006,D000004,P004,2026-07-09,27396.6,82,T019,Valid
214,FR0006,D000010,P018,2026-01-26,43249.48,24,T019,Valid
215,FR0006,D000004,P018,2026-01-04,43249.48,24,T019,Valid
216,FR0006,D000003,P018,2026-01-21,43249.48,24,T019,Valid
217,FR0006,D000004,P018,2026-02-13,42151.26,24,T019,Valid
218,FR0006,D000010,P018,2026-02-24,42151.26,24,T019,Valid
219,FR0006,D000003,P018,2026-02-11,42151.26,24,T019,Valid
220,FR0006,D000003,P018,2026-03-03,36958.45,21,T019,Valid
221,FR0006,D000010,P018,2026-03-04,36958.45,21,T019,Valid
222,FR0006,D000004,P018,2026-03-24,36958.45,21,T019,Valid
223,FR0006,D000010,P018,2026-04-14,39522.37,22,T019,Valid
224,FR0006,D000004,P018,2026-04-22,39522.37,22,T019,Valid
225,FR0006,D000003,P018,2026-04-14,39522.37,22,T019,Valid
226,FR0006,D000003,P018,2026-05-08,37236.88,21,T019,Valid
227,FR0006,D000010,P018,2026-05-12,37236.88,21,T019,Valid
228,FR0006,D000004,P018,2026-05-12,37236.88,21,T019,Valid
229,FR0006,D000010,P018,2026-06-01,39673.14,22,T019,Valid
230,FR0006,D000003,P018,2026-06-09,39673.14,22,T019,Valid
231,FR0006,D000004,P018,2026-06-25,39673.14,22,T019,Valid
232,FR0006,D000010,P018,2026-07-05,37776.01,21,T019,Valid
233,FR0006,D000004,P018,2026-07-21,37776.01,21,T019,Valid
234,FR0006,D000003,P018,2026-07-03,37776.01,21,T019,Valid
235,FR0006,D000010,P008,2026-01-05,32293.94,112,T019,Valid
236,FR0006,D000003,P008,2026-01-25,32293.94,112,T019,Valid
237,FR0006,D000004,P008,2026-01-02,32293.94,112,T019,Valid
238,FR0006,D000004,P008,2026-02-07,34465.74,119,T019,Valid
239,FR0006,D000010,P008,2026-02-17,34465.74,119,T019,Valid
240,FR0006,D000003,P008,2026-02-12,34465.74,119,T019,Valid
241,FR0006,D000010,P008,2026-03-08,36252.91,125,T019,Valid
242,FR0006,D000004,P008,2026-03-20,36252.91,125,T019,Valid
243,FR0006,D000003,P008,2026-03-01,36252.91,125,T019,Valid
244,FR0006,D000004,P008,2026-04-01,32703.09,113,T019,Valid
245,FR0006,D000010,P008,2026-04-24,32703.09,113,T019,Valid
246,FR0006,D000003,P008,2026-04-06,32703.09,113,T019,Valid
247,FR0006,D000003,P008,2026-05-14,36446.39,126,T019,Valid
248,FR0006,D000004,P008,2026-05-15,36446.39,126,T019,Valid
249,FR0006,D000010,P008,2026-05-11,36446.39,126,T019,Valid
250,FR0006,D000003,P008,2026-06-11,34171.63,118,T019,Valid
251,FR0006,D000004,P008,2026-06-26,34171.63,118,T019,Valid
252,FR0006,D000010,P008,2026-06-15,34171.63,118,T019,Valid
253,FR0006,D000003,P008,2026-07-19,50772.04,176,T019,Valid
254,FR0006,D000004,P008,2026-07-17,50772.04,176,T019,Valid
255,FR0007,D000001,P028,2026-01-24,135727.91,222,T009,Valid
256,FR0007,D000001,P028,2026-02-06,124482.19,204,T009,Valid
257,FR0007,D000001,P028,2026-03-25,142440.06,233,T009,Valid
258,FR0007,D000001,P028,2026-04-21,133328.5,218,T009,Valid
259,FR0007,D000001,P028,2026-05-19,122150.21,200,T009,Valid
260,FR0007,D000001,P028,2026-06-12,122323.61,200,T009,Valid
261,FR0007,D000001,P028,2026-07-15,139077.75,228,T009,Valid
262,FR0007,D000001,P010,2026-01-20,106405.21,72,T009,Valid
263,FR0007,D000001,P010,2026-02-17,118309.39,80,T009,Valid
264,FR0007,D000001,P010,2026-03-12,101671.78,68,T009,Valid
265,FR0007,D000001,P010,2026-04-26,104944.87,71,T009,Valid
266,FR0007,D000001,P010,2026-05-09,97410.74,66,T009,Valid
267,FR0007,D000001,P010,2026-06-03,118466.11,80,T009,Valid
268,FR0007,D000001,P010,2026-07-20,117349.16,79,T009,Valid
269,FR0007,D000001,P024,2026-01-21,163874.99,252,T009,Valid
270,FR0007,D000001,P024,2026-02-11,149448.37,230,T009,Valid
271,FR0007,D000001,P024,2026-03-26,144907.76,223,T009,Valid
272,FR0007,D000001,P024,2026-04-22,155420.7,239,T009,Valid
273,FR0007,D000001,P024,2026-05-06,158047.39,243,T009,Valid
274,FR0007,D000001,P024,2026-06-14,158272.56,244,T009,Valid
275,FR0007,D000001,P024,2026-07-08,145276.53,224,T009,Valid
276,FR0007,D000001,P011,2026-01-15,75492.91,360,T009,Valid
277,FR0007,D000001,P011,2026-02-26,67601.84,322,T009,Valid
278,FR0007,D000001,P011,2026-03-23,65608.76,312,T009,Valid
279,FR0007,D000001,P011,2026-04-17,66138.65,315,T009,Valid
280,FR0007,D000001,P011,2026-05-01,63216.36,301,T009,Valid
281,FR0007,D000001,P011,2026-06-04,69417.56,331,T009,Valid
282,FR0007,D000001,P011,2026-07-27,66897.79,319,T009,Valid
283,FR0007,D000001,P008,2026-01-09,123367.1,427,T009,Valid
284,FR0007,D000001,P008,2026-02-04,126090.24,436,T009,Valid
285,FR0007,D000001,P008,2026-03-03,119359.95,413,T009,Valid
286,FR0007,D000001,P008,2026-04-23,124759.28,432,T009,Valid
287,FR0007,D000001,P008,2026-05-06,111218.29,385,T009,Valid
288,FR0007,D000001,P008,2026-06-13,125402.15,434,T009,Valid
289,FR0007,D000001,P008,2026-07-02,216101.82,747,T009,Valid
290,FR0007,D000001,P027,2026-01-26,113057.1,49,T009,Valid
291,FR0007,D000001,P027,2026-02-17,240991.87,105,T009,Valid
292,FR0007,D000001,P027,2026-03-12,107575.81,47,T009,Valid
293,FR0007,D000001,P027,2026-04-16,110192.13,48,T019,Valid
294,FR0007,D000001,P027,2026-05-03,116427.13,51,T009,Valid
295,FR0007,D000001,P027,2026-06-03,114059.94,50,T009,Valid
296,FR0007,D000001,P027,2026-07-23,102084.71,45,T009,Valid
297,FR0009,D000009,P015,2026-01-12,45911.16,28,T006,Valid
298,FR0009,D000008,P015,2026-01-26,45911.16,28,T006,Valid
299,FR0009,D000009,P015,2026-02-05,30443.03,19,T006,Valid
300,FR0009,D000008,P015,2026-02-08,30443.03,19,T006,Valid
301,FR0009,D000005,P015,2026-02-21,30443.03,19,T006,Valid
302,FR0009,D000009,P015,2026-03-12,30422.98,19,T006,Valid
303,FR0009,D000008,P015,2026-03-25,30422.98,19,T006,Valid
304,FR0009,D000005,P015,2026-03-19,30422.98,19,T006,Valid
305,FR0009,D000005,P015,2026-04-16,27094.61,17,T006,Valid
306,FR0009,D000009,P015,2026-04-13,27094.61,17,T006,Valid
307,FR0009,D000008,P015,2026-04-04,27094.61,17,T006,Valid
308,FR0009,D000008,P015,2026-05-04,28941.61,18,T006,Valid
309,FR0009,D000009,P015,2026-05-03,28941.61,18,T006,Valid
310,FR0009,D000005,P015,2026-05-06,28941.61,18,T006,Valid
311,FR0009,D000009,P015,2026-06-18,25222.03,16,T006,Valid
312,FR0009,D000008,P015,2026-06-10,25222.03,16,T006,Valid
313,FR0009,D000005,P015,2026-06-06,25222.03,16,T006,Valid
314,FR0009,D000009,P015,2026-07-07,28918.56,18,T006,Valid
315,FR0009,D000005,P015,2026-07-05,28918.56,18,T006,Valid
316,FR0009,D000008,P015,2026-07-26,28918.56,18,T006,Valid
317,FR0009,D000005,P002,2026-01-13,15489.52,6,T006,Valid
318,FR0009,D000009,P002,2026-01-24,15489.52,6,T006,Valid
319,FR0009,D000008,P002,2026-01-17,15489.52,6,T006,Valid
320,FR0009,D000009,P002,2026-02-15,15551.79,6,T006,Valid
321,FR0009,D000005,P002,2026-02-17,15551.79,6,T006,Valid
322,FR0009,D000008,P002,2026-02-05,15551.79,6,T006,Valid
323,FR0009,D000008,P002,2026-03-17,14970.94,6,T006,Valid
324,FR0009,D000005,P002,2026-03-10,14970.94,6,T006,Valid
325,FR0009,D000009,P002,2026-03-06,14970.94,6,T006,Valid
326,FR0009,D000008,P002,2026-04-07,13659.76,6,T006,Valid
327,FR0009,D000005,P002,2026-04-18,13659.76,6,T006,Valid
328,FR0009,D000009,P002,2026-04-05,13659.76,6,T006,Valid
329,FR0009,D000009,P002,2026-05-22,14634.49,6,T006,Valid
330,FR0009,D000005,P002,2026-05-24,14634.49,6,T006,Valid
331,FR0009,D000008,P002,2026-05-11,14634.49,6,T006,Valid
332,FR0009,D000005,P002,2026-06-21,19614.88,8,T006,Valid
333,FR0009,D000008,P002,2026-06-25,19614.88,8,T006,Valid
334,FR0009,D000008,P002,2026-07-08,14968.4,6,T006,Valid
335,FR0009,D000009,P002,2026-07-26,14968.4,6,T006,Valid
336,FR0009,D000005,P002,2026-07-13,14968.4,6,T006,Valid
337,FR0009,D000009,P024,2026-01-23,31205.57,48,T006,Valid
338,FR0009,D000005,P024,2026-01-24,31205.57,48,T006,Valid
339,FR0009,D000008,P024,2026-01-13,31205.57,48,T006,Valid
340,FR0009,D000008,P024,2026-02-15,31893.58,49,T006,Valid
341,FR0009,D000005,P024,2026-02-05,31893.58,49,T006,Valid
342,FR0009,D000009,P024,2026-02-02,31893.58,49,T006,Valid
343,FR0009,D000008,P024,2026-03-25,34311.51,53,T006,Valid
344,FR0009,D000009,P024,2026-03-16,34311.51,53,T006,Valid
345,FR0009,D000005,P024,2026-03-15,34311.51,53,T006,Valid
346,FR0009,D000009,P024,2026-04-07,31771.64,49,T006,Valid
347,FR0009,D000008,P024,2026-04-12,31771.64,49,T006,Valid
348,FR0009,D000005,P024,2026-04-02,31771.64,49,T006,Valid
349,FR0009,D000008,P024,2026-05-14,34437.37,53,T006,Valid
350,FR0009,D000005,P024,2026-05-09,34437.37,53,T006,Valid
351,FR0009,D000009,P024,2026-05-12,34437.37,53,T006,Valid
352,FR0009,D000005,P024,2026-06-03,28640.87,44,T006,Valid
353,FR0009,D000008,P024,2026-06-17,28640.87,44,T006,Valid
354,FR0009,D000009,P024,2026-06-25,28640.87,44,T006,Valid
355,FR0009,D000005,P024,2026-07-13,52764.85,81,T006,Valid
356,FR0009,D000009,P024,2026-07-26,52764.85,81,T006,Valid
357,FR0009,D000005,P028,2026-01-05,55209.92,90,T006,Valid
358,FR0009,D000009,P028,2026-01-11,55209.92,90,T006,Valid
359,FR0009,D000005,P028,2026-02-06,35665.77,58,T006,Valid
360,FR0009,D000008,P028,2026-02-20,35665.77,58,T006,Valid
361,FR0009,D000009,P028,2026-02-27,35665.77,58,T006,Valid
362,FR0009,D000009,P028,2026-03-27,36060.44,59,T006,Valid
363,FR0009,D000008,P028,2026-03-12,36060.44,59,T006,Valid
364,FR0009,D000005,P028,2026-03-22,36060.44,59,T006,Valid
365,FR0009,D000009,P028,2026-04-09,54989.23,90,T006,Valid
366,FR0009,D000008,P028,2026-04-26,54989.23,90,T006,Valid
367,FR0009,D000005,P028,2026-05-27,33866.4,55,T006,Valid
368,FR0009,D000008,P028,2026-05-08,33866.4,55,T006,Valid
369,FR0009,D000009,P028,2026-05-19,33866.4,55,T006,Valid
370,FR0009,D000008,P028,2026-06-17,32230.46,53,T006,Valid
371,FR0009,D000005,P028,2026-06-20,32230.46,53,T006,Valid
372,FR0009,D000009,P028,2026-06-24,32230.46,53,T006,Valid
373,FR0009,D000005,P028,2026-07-20,33164.82,54,T012,Valid
374,FR0009,D000008,P028,2026-07-09,33164.82,54,T019,Valid
375,FR0009,D000009,P028,2026-07-25,33164.82,54,T012,Valid
376,FR0009,D000008,P030,2026-01-13,41760.14,94,T006,Valid
377,FR0009,D000005,P030,2026-01-12,41760.14,94,T006,Valid
378,FR0009,D000009,P030,2026-01-26,41760.14,94,T006,Valid
379,FR0009,D000008,P030,2026-02-07,40004.36,90,T006,Valid
380,FR0009,D000009,P030,2026-02-27,40004.36,90,T006,Valid
381,FR0009,D000005,P030,2026-02-09,40004.36,90,T006,Valid
382,FR0009,D000005,P030,2026-03-22,38630.62,87,T006,Valid
383,FR0009,D000009,P030,2026-03-08,38630.62,87,T006,Valid
384,FR0009,D000008,P030,2026-03-08,38630.62,87,T006,Valid
385,FR0009,D000005,P030,2026-04-21,40394.15,91,T006,Valid
386,FR0009,D000009,P030,2026-04-16,40394.15,91,T006,Valid
387,FR0009,D000008,P030,2026-04-07,40394.15,91,T006,Valid
388,FR0009,D000009,P030,2026-05-18,60466.16,137,T006,Valid
389,FR0009,D000005,P030,2026-05-24,60466.16,137,T006,Valid
390,FR0009,D000005,P030,2026-06-06,38975.91,88,T006,Valid
391,FR0009,D000008,P030,2026-06-10,38975.91,88,T006,Valid
392,FR0009,D000009,P030,2026-06-01,38975.91,88,T006,Valid
393,FR0009,D000008,P030,2026-07-17,38356.78,87,T006,Valid
394,FR0009,D000009,P030,2026-07-09,38356.78,87,T006,Valid
395,FR0009,D000005,P030,2026-07-26,38356.78,87,T006,Valid
