payout_id,representative_id,product_id,program_id,payout_month,sales_target,actual_sales,sales_achievement,base_incentive,achievement_multiplier,calculated_payout,maximum_payout,expected_payout,actual_payout,payout_difference,status
PAYOUT_0000512,FR0014,P021,PG001,2026-02-01,156849.6,143204.62,91.3,7160.23,1.0,7160.23,10740.35,7160.23,7160.23,0.0,Pending
PAYOUT_0000768,FR0021,P030,PG001,2026-06-01,165996.92,118368.66,71.31,5918.43,0.75,4438.82,8877.65,4438.82,4438.82,0.0,Paid
PAYOUT_0000294,FR0009,P026,PG001,2026-01-01,162140.09,92096.96,56.8,4604.85,0.75,3453.64,6907.27,3453.64,3453.64,0.0,Paid
PAYOUT_0000216,FR0007,P019,PG001,2026-07-01,175071.48,90180.96,51.51,4509.05,0.75,3381.79,6763.57,3381.79,3381.79,0.0,Paid
PAYOUT_0000344,FR0010,P021,PG001,2026-02-01,83318.84,98342.95,118.03,4917.15,1.25,6146.43,7375.72,6146.43,6146.43,0.0,Paid
PAYOUT_0000350,FR0010,P002,PG001,2026-01-01,159212.0,148251.94,93.12,7412.6,1.0,7412.6,11118.9,7412.6,7412.6,0.0,Paid
PAYOUT_0000455,FR0012,P027,PG001,2026-01-01,116118.96,85443.3,73.58,4272.16,0.75,3204.12,6408.25,3204.12,3204.12,0.0,Paid
PAYOUT_0000732,FR0020,P003,PG001,2026-05-01,173731.11,76262.01,43.9,3813.1,0.5,1906.55,5719.65,1906.55,1906.55,0.0,Pending
PAYOUT_0000903,FR0024,P029,PG001,2026-01-01,60064.6,41461.05,69.03,2073.05,0.75,1554.79,3109.58,1554.79,1554.79,0.0,Paid
PAYOUT_0000926,FR0025,P027,PG001,2026-03-01,177528.25,136794.0,77.05,6839.7,1.0,6839.7,10259.55,6839.7,6839.7,0.0,Pending
PAYOUT_0000891,FR0024,P003,PG001,2026-03-01,85134.23,70084.23,82.32,3504.21,1.0,3504.21,5256.32,3504.21,3504.21,0.0,Paid
PAYOUT_0000828,FR0022,P018,PG001,2026-03-01,74372.25,62577.58,84.14,3128.88,1.0,3128.88,4693.32,3128.88,3128.88,0.0,Pending
PAYOUT_0000540,FR0014,P010,PG001,2026-02-01,126894.91,96959.52,76.41,4847.98,1.0,4847.98,7271.96,4847.98,4847.98,0.0,Adjusted
PAYOUT_0000102,FR0003,P015,PG001,2026-04-01,95276.41,151977.54,159.51,7598.88,1.5,11398.32,11398.32,11398.32,11398.32,0.0,Paid
PAYOUT_0000718,FR0019,P025,PG001,2026-05-01,128391.38,137296.35,106.94,6864.82,1.25,8581.02,10297.23,8581.02,8581.02,0.0,Adjusted
PAYOUT_0000356,FR0010,P002,PG001,2026-07-01,130235.84,179988.06,138.2,8999.4,1.5,13499.1,13499.1,13499.1,13499.1,0.0,Paid
PAYOUT_0000075,FR0002,P021,PG001,2026-05-01,142284.04,85609.6,60.17,4280.48,0.75,3210.36,6420.72,3210.36,3210.36,0.0,Paid
PAYOUT_0000547,FR0014,P005,PG001,2026-02-01,138586.83,155526.46,112.22,7776.32,1.25,9720.4,11664.48,9720.4,9720.4,0.0,Paid
PAYOUT_0000225,FR0007,P018,PG001,2026-02-01,125367.07,162501.48,129.62,8125.07,1.5,12187.61,12187.61,12187.61,12187.61,0.0,Paid
PAYOUT_0001026,FR0028,P023,PG001,2026-05-01,67352.35,87153.85,129.4,4357.69,1.5,6536.54,6536.54,6536.54,6536.54,0.0,Pending
PAYOUT_0000620,FR0016,P006,PG001,2026-05-01,118829.63,108506.0,91.31,5425.3,1.0,5425.3,8137.95,5425.3,5425.3,0.0,Pending
PAYOUT_0000143,FR0004,P011,PG001,2026-03-01,73220.61,90588.27,123.72,4529.41,1.25,5661.77,6794.12,5661.77,5661.77,0.0,Paid
PAYOUT_0000677,FR0018,P009,PG001,2026-06-01,156603.82,98424.42,62.85,4921.22,0.75,3690.92,7381.83,3690.92,3690.92,0.0,Paid
PAYOUT_0000107,FR0003,P010,PG001,2026-02-01,132121.17,72916.38,55.19,3645.82,0.75,2734.36,5468.73,2734.36,2734.36,0.0,Paid
PAYOUT_0000925,FR0025,P027,PG001,2026-02-01,175612.56,147802.86,84.16,7390.14,1.0,7390.14,11085.21,7390.14,7390.14,0.0,Paid
PAYOUT_0000408,FR0011,P027,PG001,2026-03-01,118046.87,81247.6,68.83,4062.38,0.75,3046.79,6093.57,3046.79,3046.79,0.0,Adjusted
PAYOUT_0000564,FR0015,P010,PG001,2026-05-01,134968.08,52576.26,38.95,2628.81,0.5,1314.41,3943.22,1314.41,1314.41,0.0,Paid
PAYOUT_0000335,FR0010,P023,PG001,2026-07-01,104994.78,63087.48,60.09,3154.37,0.75,2365.78,4731.56,2365.78,2365.78,0.0,Paid
PAYOUT_0000767,FR0021,P030,PG001,2026-05-01,89187.34,114506.48,128.39,5725.32,1.5,8587.99,8587.99,8587.99,8587.99,0.0,Paid
PAYOUT_0000697,FR0019,P011,PG001,2026-05-01,134949.05,122756.88,90.97,6137.84,1.0,6137.84,9206.77,6137.84,6137.84,0.0,Adjusted
PAYOUT_0000407,FR0011,P027,PG001,2026-02-01,124109.53,68549.82,55.23,3427.49,0.75,2570.62,5141.24,2570.62,2570.62,0.0,Adjusted
PAYOUT_0000460,FR0012,P027,PG001,2026-06-01,84477.8,90503.88,107.13,4525.19,1.25,5656.49,6787.79,5656.49,5656.49,0.0,Pending
PAYOUT_0000145,FR0004,P011,PG001,2026-05-01,88917.96,96538.68,108.57,4826.93,1.25,6033.67,7240.4,6033.67,6033.67,0.0,Paid
PAYOUT_0000650,FR0017,P029,PG001,2026-07-01,146384.04,155115.66,105.96,7755.78,1.25,9694.73,11633.67,9694.73,9694.73,0.0,Paid
PAYOUT_0000793,FR0021,P018,PG001,2026-03-01,102887.53,167832.06,163.12,8391.6,1.5,12587.4,12587.4,12587.4,12587.4,0.0,Paid
PAYOUT_0000129,FR0004,P029,PG001,2026-03-01,82962.89,146721.28,176.85,7336.06,1.5,11004.1,11004.1,11004.1,11004.1,0.0,Paid
PAYOUT_0000648,FR0017,P029,PG001,2026-05-01,133756.93,255640.76,191.12,12782.04,1.5,19173.06,19173.06,19173.06,19173.06,0.0,Paid
PAYOUT_0001103,FR0030,P015,PG001,2026-05-01,89643.38,54013.59,60.25,2700.68,0.75,2025.51,4051.02,2025.51,2025.51,0.0,Paid
PAYOUT_0000156,FR0004,P005,PG001,2026-02-01,133260.57,98856.2,74.18,4942.81,0.75,3707.11,7414.22,3707.11,3707.11,0.0,Paid
PAYOUT_0000358,FR0010,P005,PG001,2026-02-01,81893.4,43635.06,53.28,2181.75,0.75,1636.31,3272.63,1636.31,1636.31,0.0,Paid
PAYOUT_0000202,FR0006,P023,PG001,2026-07-01,71162.65,59345.22,83.39,2967.26,1.0,2967.26,4450.89,2967.26,2967.26,0.0,Adjusted
PAYOUT_0000125,FR0003,P022,PG001,2026-06-01,113482.21,87542.82,77.14,4377.14,1.0,4377.14,6565.71,4377.14,4377.14,0.0,Adjusted
PAYOUT_0000402,FR0011,P014,PG001,2026-04-01,107868.66,79685.91,73.87,3984.3,0.75,2988.22,5976.44,2988.22,2988.22,0.0,Paid
PAYOUT_0000058,FR0002,P009,PG001,2026-02-01,124444.48,69291.05,55.68,3464.55,0.75,2598.41,5196.83,2598.41,2598.41,0.0,Paid
PAYOUT_0000896,FR0024,P028,PG001,2026-01-01,95325.72,25862.51,27.13,1293.13,0.5,646.56,1939.69,646.56,0,-646.56,Paid
PAYOUT_0000856,FR0022,P020,PG001,2026-03-01,142733.64,80588.13,56.46,4029.41,0.75,3022.05,6044.11,3022.05,3022.05,0.0,Pending
PAYOUT_0000848,FR0022,P011,PG001,2026-02-01,129413.73,311932.92,241.04,15596.65,1.5,23394.97,23394.97,23394.97,23394.97,0.0,Paid
PAYOUT_0000160,FR0004,P005,PG001,2026-06-01,84150.82,96456.28,114.62,4822.81,1.25,6028.52,7234.22,6028.52,6028.52,0.0,Paid
PAYOUT_0000880,FR0023,P012,PG001,2026-06-01,76788.53,114202.38,148.72,5710.12,1.5,8565.18,8565.18,8565.18,8565.18,0.0,Paid
PAYOUT_0000423,FR0011,P010,PG001,2026-04-01,108002.62,39065.95,36.17,1953.3,0.5,976.65,2929.95,976.65,976.65,0.0,Paid
PAYOUT_0000197,FR0006,P023,PG001,2026-01-01,109367.54,50170.04,45.87,2508.5,0.5,1254.25,3762.75,1254.25,1254.25,0.0,Adjusted
PAYOUT_0000188,FR0005,P007,PG001,2026-06-01,156926.0,147294.0,93.86,7364.7,1.0,7364.7,11047.05,7364.7,7364.7,0.0,Paid
PAYOUT_0000235,FR0007,P023,PG001,2026-05-01,156996.0,44215.32,28.16,2210.77,0.5,1105.38,3316.15,1105.38,1105.38,0.0,Paid
PAYOUT_0000484,FR0013,P025,PG001,2026-02-01,112552.28,76073.64,67.59,3803.68,0.75,2852.76,5705.52,2852.76,2852.76,0.0,Paid
PAYOUT_0001001,FR0027,P016,PG001,2026-01-01,153354.19,112575.48,73.41,5628.77,0.75,4221.58,8443.16,4221.58,4221.58,0.0,Paid
PAYOUT_0000159,FR0004,P005,PG001,2026-05-01,134973.28,104908.6,77.73,5245.43,1.0,5245.43,7868.15,5245.43,8070.95,2825.52,Paid
PAYOUT_0000232,FR0007,P023,PG001,2026-02-01,100925.55,41954.39,41.57,2097.72,0.5,1048.86,3146.58,1048.86,1048.86,0.0,Paid
PAYOUT_0001005,FR0027,P016,PG001,2026-05-01,78101.33,116166.85,148.74,5808.34,1.5,8712.51,8712.51,8712.51,8712.51,0.0,Paid
PAYOUT_0000267,FR0008,P027,PG001,2026-02-01,70779.25,46476.87,65.66,2323.84,0.75,1742.88,3485.77,1742.88,1742.88,0.0,Adjusted
PAYOUT_0000052,FR0002,P019,PG001,2026-03-01,69092.59,136238.76,197.18,6811.94,1.5,10217.91,10217.91,10217.91,10217.91,0.0,Paid
PAYOUT_0000938,FR0026,P007,PG001,2026-01-01,155587.91,156624.58,100.67,7831.23,1.25,9789.04,11746.84,9789.04,9789.04,0.0,Pending
PAYOUT_0000928,FR0025,P027,PG001,2026-05-01,61239.18,137168.16,223.99,6858.41,1.5,10287.61,10287.61,10287.61,10287.61,0.0,Adjusted
PAYOUT_0000128,FR0004,P029,PG001,2026-02-01,90104.83,141962.52,157.55,7098.13,1.5,10647.19,10647.19,10647.19,10647.19,0.0,Paid
PAYOUT_0000756,FR0020,P017,PG001,2026-01-01,133256.68,100964.96,75.77,5048.25,1.0,5048.25,7572.37,5048.25,5048.25,0.0,Paid
PAYOUT_0001097,FR0030,P003,PG001,2026-06-01,104604.1,52317.1,50.01,2615.86,0.75,1961.89,3923.78,1961.89,1961.89,0.0,Adjusted
PAYOUT_0000194,FR0006,P010,PG001,2026-05-01,173978.34,118379.25,68.04,5918.96,0.75,4439.22,8878.44,4439.22,4439.22,0.0,Adjusted
PAYOUT_0000751,FR0020,P008,PG001,2026-03-01,134041.95,132211.0,98.63,6610.55,1.0,6610.55,9915.83,6610.55,6610.55,0.0,Adjusted
PAYOUT_0000995,FR0027,P029,PG001,2026-02-01,122338.41,120653.52,98.62,6032.68,1.0,6032.68,9049.01,6032.68,6032.68,0.0,Paid
PAYOUT_0000783,FR0021,P014,PG001,2026-07-01,86379.11,85710.95,99.23,4285.55,1.0,4285.55,6428.32,4285.55,4285.55,0.0,Adjusted
PAYOUT_0000569,FR0015,P002,PG001,2026-03-01,83492.47,50170.6,60.09,2508.53,0.75,1881.4,3762.8,1881.4,1881.4,0.0,Paid
PAYOUT_0000487,FR0013,P025,PG001,2026-05-01,67120.56,60249.1,89.76,3012.45,1.0,3012.45,4518.68,3012.45,3012.45,0.0,Paid
PAYOUT_0000795,FR0021,P018,PG001,2026-05-01,159039.17,157048.24,98.75,7852.41,1.0,7852.41,11778.62,7852.41,7852.41,0.0,Paid
PAYOUT_0000381,FR0011,P004,PG001,2026-04-01,96493.17,117619.7,121.89,5880.99,1.25,7351.23,8821.48,7351.23,13747.49,6396.26,Paid
PAYOUT_0000064,FR0002,P030,PG001,2026-01-01,139824.35,128507.82,91.91,6425.39,1.0,6425.39,9638.09,6425.39,6425.39,0.0,Adjusted
PAYOUT_0000427,FR0012,P026,PG001,2026-01-01,166604.2,156211.26,93.76,7810.56,1.0,7810.56,11715.84,7810.56,7810.56,0.0,Adjusted
PAYOUT_0001053,FR0029,P019,PG001,2026-04-01,177330.89,141773.64,79.95,7088.68,1.0,7088.68,10633.02,7088.68,7088.68,0.0,Paid
PAYOUT_0000686,FR0018,P014,PG001,2026-01-01,169031.53,70350.28,41.62,3517.51,0.5,1758.76,5276.27,1758.76,1758.76,0.0,Paid
PAYOUT_0000274,FR0008,P008,PG001,2026-02-01,177879.24,142379.8,80.04,7118.99,1.0,7118.99,10678.49,7118.99,7118.99,0.0,Paid
PAYOUT_0000412,FR0011,P027,PG001,2026-07-01,107842.45,73428.21,68.09,3671.41,0.75,2753.56,5507.12,2753.56,2753.56,0.0,Paid
PAYOUT_0000996,FR0027,P029,PG001,2026-03-01,163361.15,121754.24,74.53,6087.71,0.75,4565.78,9131.57,4565.78,4565.78,0.0,Paid
PAYOUT_0000881,FR0023,P012,PG001,2026-07-01,77236.98,52584.9,68.08,2629.24,0.75,1971.93,3943.87,1971.93,1971.93,0.0,Paid
PAYOUT_0000822,FR0022,P008,PG001,2026-04-01,105504.85,52145.24,49.42,2607.26,0.5,1303.63,3910.89,1303.63,1303.63,0.0,Paid
PAYOUT_0001089,FR0030,P018,PG001,2026-05-01,95464.68,70939.36,74.31,3546.97,0.75,2660.23,5320.45,2660.23,2660.23,0.0,Paid
PAYOUT_0000773,FR0021,P009,PG001,2026-04-01,176084.83,118841.46,67.49,5942.07,0.75,4456.55,8913.11,4456.55,4456.55,0.0,Paid
PAYOUT_0000905,FR0024,P029,PG001,2026-03-01,88003.33,45434.46,51.63,2271.72,0.75,1703.79,3407.58,1703.79,1703.79,0.0,Paid
PAYOUT_0000866,FR0023,P024,PG001,2026-06-01,149962.0,45572.4,30.39,2278.62,0.5,1139.31,3417.93,1139.31,1139.31,0.0,Paid
PAYOUT_0001100,FR0030,P015,PG001,2026-02-01,95519.16,81577.5,85.4,4078.88,1.0,4078.88,6118.31,4078.88,4078.88,0.0,Paid
PAYOUT_0001033,FR0028,P004,PG001,2026-05-01,175057.71,87303.6,49.87,4365.18,0.5,2182.59,6547.77,2182.59,7480.48,5297.89,Pending
PAYOUT_0000949,FR0026,P018,PG001,2026-05-01,134939.17,131999.7,97.82,6599.98,1.0,6599.98,9899.98,6599.98,6599.98,0.0,Paid
PAYOUT_0000627,FR0017,P019,PG001,2026-05-01,170899.8,48547.05,28.41,2427.35,0.5,1213.68,3641.03,1213.68,1213.68,0.0,Paid
PAYOUT_0000020,FR0001,P012,PG001,2026-06-01,110562.73,142382.37,128.78,7119.12,1.5,10678.68,10678.68,10678.68,10678.68,0.0,Paid
PAYOUT_0000313,FR0009,P002,PG001,2026-06-01,109177.5,113104.6,103.6,5655.23,1.25,7069.04,8482.84,7069.04,7069.04,0.0,Paid
PAYOUT_0000876,FR0023,P012,PG001,2026-02-01,169262.21,68972.2,40.75,3448.61,0.5,1724.31,5172.91,1724.31,1724.31,0.0,Paid
PAYOUT_0000130,FR0004,P029,PG001,2026-04-01,122568.23,152877.99,124.73,7643.9,1.25,9554.87,11465.85,9554.87,9554.87,0.0,Pending
PAYOUT_0000053,FR0002,P019,PG001,2026-04-01,176761.6,151851.72,85.91,7592.59,1.0,7592.59,11388.88,7592.59,7592.59,0.0,Adjusted
PAYOUT_0000624,FR0017,P019,PG001,2026-02-01,90600.39,46617.39,51.45,2330.87,0.75,1748.15,3496.3,1748.15,1748.15,0.0,Pending
PAYOUT_0001038,FR0028,P024,PG001,2026-03-01,84666.4,56774.4,67.06,2838.72,0.75,2129.04,4258.08,2129.04,2129.04,0.0,Paid
PAYOUT_0000544,FR0014,P010,PG001,2026-06-01,135476.71,97790.84,72.18,4889.54,0.75,3667.16,7334.31,3667.16,3667.16,0.0,Paid
PAYOUT_0001015,FR0028,P027,PG001,2026-01-01,115103.71,114905.12,99.83,5745.26,1.0,5745.26,8617.88,5745.26,5745.26,0.0,Paid
PAYOUT_0000633,FR0017,P010,PG001,2026-04-01,92044.65,61569.04,66.89,3078.45,0.75,2308.84,4617.68,2308.84,2308.84,0.0,Paid
PAYOUT_0000472,FR0013,P005,PG001,2026-04-01,152807.85,100243.08,65.6,5012.15,0.75,3759.12,7518.23,3759.12,3759.12,0.0,Paid
PAYOUT_0000513,FR0014,P021,PG001,2026-03-01,129380.96,152035.72,117.51,7601.79,1.25,9502.23,11402.68,9502.23,9502.23,0.0,Paid
PAYOUT_0000353,FR0010,P002,PG001,2026-04-01,169866.07,173709.05,102.26,8685.45,1.25,10856.82,13028.18,10856.82,10856.82,0.0,Paid
PAYOUT_0000728,FR0020,P003,PG001,2026-01-01,162337.47,113568.35,69.96,5678.42,0.75,4258.81,8517.63,4258.81,4258.81,0.0,Paid
PAYOUT_0000680,FR0018,P023,PG001,2026-02-01,170083.77,108797.4,63.97,5439.87,0.75,4079.9,8159.81,4079.9,4079.9,0.0,Pending
PAYOUT_0000947,FR0026,P018,PG001,2026-03-01,123580.25,143298.2,115.96,7164.91,1.25,8956.14,10747.37,8956.14,8956.14,0.0,Pending
PAYOUT_0000369,FR0010,P010,PG001,2026-06-01,78760.01,168222.65,213.59,8411.13,1.5,12616.7,12616.7,12616.7,12616.7,0.0,Paid
PAYOUT_0000261,FR0008,P017,PG001,2026-03-01,67254.64,59324.46,88.21,2966.22,1.0,2966.22,4449.33,2966.22,2966.22,0.0,Paid
PAYOUT_0000533,FR0014,P003,PG001,2026-02-01,95895.26,73125.96,76.26,3656.3,1.0,3656.3,5484.45,3656.3,3656.3,0.0,Paid
PAYOUT_0000114,FR0003,P012,PG001,2026-02-01,176328.26,39836.65,22.59,1991.83,0.5,995.92,2987.75,995.92,995.92,0.0,Paid
PAYOUT_0000348,FR0010,P021,PG001,2026-06-01,111711.02,56002.56,50.13,2800.13,0.75,2100.1,4200.19,2100.1,2100.1,0.0,Paid
PAYOUT_0000690,FR0018,P014,PG001,2026-05-01,109264.85,68700.65,62.88,3435.03,0.75,2576.27,5152.55,2576.27,2576.27,0.0,Paid
PAYOUT_0000374,FR0010,P009,PG001,2026-04-01,95068.43,68238.95,71.78,3411.95,0.75,2558.96,5117.92,2558.96,8825.06,6266.1,Pending
PAYOUT_0000278,FR0008,P008,PG001,2026-06-01,159251.75,134402.52,84.4,6720.13,1.0,6720.13,10080.19,6720.13,6720.13,0.0,Paid
PAYOUT_0000025,FR0001,P030,PG001,2026-04-01,88190.65,123364.68,139.88,6168.23,1.5,9252.35,9252.35,9252.35,9252.35,0.0,Adjusted
PAYOUT_0001060,FR0029,P025,PG001,2026-04-01,90674.96,119287.86,131.56,5964.39,1.5,8946.59,8946.59,8946.59,8946.59,0.0,Paid
PAYOUT_0000692,FR0018,P014,PG001,2026-07-01,110826.97,51544.76,46.51,2577.24,0.5,1288.62,3865.86,1288.62,1288.62,0.0,Pending
PAYOUT_0000888,FR0023,P027,PG001,2026-07-01,86253.91,62839.74,72.85,3141.99,0.75,2356.49,4712.98,2356.49,2356.49,0.0,Paid
PAYOUT_0001010,FR0027,P002,PG001,2026-03-01,131775.57,83191.44,63.13,4159.57,0.75,3119.68,6239.36,3119.68,3119.68,0.0,Paid
PAYOUT_0000830,FR0022,P018,PG001,2026-05-01,65202.36,71779.98,110.09,3589.0,1.25,4486.25,5383.5,4486.25,4486.25,0.0,Pending
PAYOUT_0000404,FR0011,P014,PG001,2026-06-01,133352.61,92199.24,69.14,4609.96,0.75,3457.47,6914.94,3457.47,3457.47,0.0,Paid
PAYOUT_0000485,FR0013,P025,PG001,2026-03-01,170665.88,64572.08,37.84,3228.6,0.5,1614.3,4842.91,1614.3,1614.3,0.0,Pending
PAYOUT_0001028,FR0028,P023,PG001,2026-07-01,179866.81,85448.13,47.51,4272.41,0.5,2136.2,6408.61,2136.2,2136.2,0.0,Paid
PAYOUT_0000004,FR0001,P004,PG001,2026-04-01,107219.25,127858.08,119.25,6392.9,1.25,7991.13,9589.36,7991.13,7991.13,0.0,Paid
PAYOUT_0000659,FR0017,P016,PG001,2026-02-01,176950.28,82780.12,46.78,4139.01,0.5,2069.5,6208.51,2069.5,2069.5,0.0,Adjusted
PAYOUT_0000285,FR0009,P011,PG001,2026-06-01,63737.44,80328.84,126.03,4016.44,1.5,6024.66,6024.66,6024.66,6024.66,0.0,Paid
PAYOUT_0000242,FR0007,P003,PG001,2026-05-01,100578.77,150857.88,149.99,7542.89,1.5,11314.34,11314.34,11314.34,11314.34,0.0,Paid
PAYOUT_0001045,FR0028,P007,PG001,2026-03-01,112168.81,69335.74,61.81,3466.79,0.75,2600.09,5200.18,2600.09,2600.09,0.0,Pending
PAYOUT_0000054,FR0002,P019,PG001,2026-05-01,65714.57,138816.75,211.24,6940.84,1.5,10411.26,10411.26,10411.26,10411.26,0.0,Pending
PAYOUT_0000139,FR0004,P013,PG001,2026-06-01,137149.28,88153.59,64.28,4407.68,0.75,3305.76,6611.52,3305.76,3305.76,0.0,Adjusted
PAYOUT_0000200,FR0006,P023,PG001,2026-05-01,169079.46,48085.32,28.44,2404.27,0.5,1202.13,3606.4,1202.13,6856.06,5653.93,Paid
PAYOUT_0000226,FR0007,P018,PG001,2026-03-01,151453.71,155217.58,102.49,7760.88,1.25,9701.1,11641.32,9701.1,9701.1,0.0,Paid
PAYOUT_0000104,FR0003,P015,PG001,2026-06-01,60337.58,152659.45,253.01,7632.97,1.5,11449.46,11449.46,11449.46,11449.46,0.0,Adjusted
PAYOUT_0000167,FR0004,P025,PG001,2026-06-01,163106.03,102770.04,63.01,5138.5,0.75,3853.88,7707.75,3853.88,3853.88,0.0,Paid
PAYOUT_0000770,FR0021,P009,PG001,2026-01-01,100353.39,139621.08,139.13,6981.05,1.5,10471.58,10471.58,10471.58,10471.58,0.0,Pending
PAYOUT_0000505,FR0013,P004,PG001,2026-02-01,121191.71,121350.64,100.13,6067.53,1.25,7584.41,9101.3,7584.41,7584.41,0.0,Paid
PAYOUT_0001035,FR0028,P004,PG001,2026-07-01,166749.71,95511.0,57.28,4775.55,0.75,3581.66,7163.33,3581.66,3581.66,0.0,Paid
PAYOUT_0000124,FR0003,P022,PG001,2026-05-01,109029.76,143683.6,131.78,7184.18,1.5,10776.27,10776.27,10776.27,8837.3,-1938.97,Paid
PAYOUT_0000383,FR0011,P004,PG001,2026-06-01,71840.58,81875.6,113.97,4093.78,1.25,5117.23,6140.67,5117.23,5117.23,0.0,Pending
PAYOUT_0000871,FR0023,P022,PG001,2026-04-01,65770.12,50634.16,76.99,2531.71,1.0,2531.71,3797.56,2531.71,2531.71,0.0,Paid
PAYOUT_0000948,FR0026,P018,PG001,2026-04-01,127161.45,154882.44,121.8,7744.12,1.25,9680.15,11616.18,9680.15,9680.15,0.0,Paid
PAYOUT_0000477,FR0013,P012,PG001,2026-02-01,84510.42,106248.51,125.72,5312.43,1.5,7968.64,7968.64,7968.64,7968.64,0.0,Paid
PAYOUT_0000071,FR0002,P021,PG001,2026-01-01,80919.41,88025.92,108.78,4401.3,1.25,5501.62,6601.94,5501.62,5501.62,0.0,Paid
PAYOUT_0000785,FR0021,P005,PG001,2026-02-01,70039.78,95437.16,136.26,4771.86,1.5,7157.79,7157.79,7157.79,7157.79,0.0,Paid
PAYOUT_0000941,FR0026,P007,PG001,2026-04-01,159234.69,164068.35,103.04,8203.42,1.25,10254.27,12305.13,10254.27,10254.27,0.0,Pending
PAYOUT_0000792,FR0021,P018,PG001,2026-02-01,74595.18,143601.09,192.51,7180.05,1.5,10770.08,10770.08,10770.08,10770.08,0.0,Paid
PAYOUT_0000002,FR0001,P004,PG001,2026-02-01,112038.7,59770.36,53.35,2988.52,0.75,2241.39,4482.78,2241.39,2241.39,0.0,Paid
PAYOUT_0000135,FR0004,P013,PG001,2026-02-01,132827.92,100607.56,75.74,5030.38,1.0,5030.38,7545.57,5030.38,5030.38,0.0,Paid
PAYOUT_0000821,FR0022,P008,PG001,2026-03-01,168562.28,51209.28,30.38,2560.46,0.5,1280.23,3840.7,1280.23,1280.23,0.0,Paid
PAYOUT_0000787,FR0021,P005,PG001,2026-04-01,88883.91,113639.34,127.85,5681.97,1.5,8522.95,8522.95,8522.95,8522.95,0.0,Adjusted
PAYOUT_0000072,FR0002,P021,PG001,2026-02-01,113171.12,85445.04,75.5,4272.25,1.0,4272.25,6408.38,4272.25,4272.25,0.0,Paid
PAYOUT_0001043,FR0028,P007,PG001,2026-01-01,124147.51,66549.0,53.6,3327.45,0.75,2495.59,4991.18,2495.59,2495.59,0.0,Adjusted
PAYOUT_0001105,FR0030,P015,PG001,2026-07-01,80079.52,72832.5,90.95,3641.62,1.0,3641.62,5462.44,3641.62,7592.84,3951.21,Paid
PAYOUT_0000653,FR0017,P017,PG001,2026-03-01,79273.18,129013.94,162.75,6450.7,1.5,9676.05,9676.05,9676.05,9676.05,0.0,Paid
PAYOUT_0000084,FR0003,P002,PG001,2026-07-01,177971.45,128280.84,72.08,6414.04,0.75,4810.53,9621.06,4810.53,9248.56,4438.03,Paid
PAYOUT_0000471,FR0013,P005,PG001,2026-03-01,170001.13,91721.1,53.95,4586.06,0.75,3439.54,6879.08,3439.54,3439.54,0.0,Paid
PAYOUT_0001044,FR0028,P007,PG001,2026-02-01,123768.24,58137.42,46.97,2906.87,0.5,1453.44,4360.31,1453.44,1453.44,0.0,Pending
PAYOUT_0000602,FR0016,P003,PG001,2026-01-01,96429.13,113367.03,117.57,5668.35,1.25,7085.44,8502.53,7085.44,7085.44,0.0,Pending
PAYOUT_0000883,FR0023,P027,PG001,2026-02-01,101615.97,52258.3,51.43,2612.92,0.75,1959.69,3919.37,1959.69,1959.69,0.0,Paid
PAYOUT_0000339,FR0010,P008,PG001,2026-04-01,124283.39,174094.6,140.08,8704.73,1.5,13057.1,13057.1,13057.1,13057.1,0.0,Paid
PAYOUT_0000534,FR0014,P003,PG001,2026-03-01,160885.38,69359.95,43.11,3468.0,0.5,1734.0,5202.0,1734.0,1734.0,0.0,Pending
PAYOUT_0000517,FR0014,P021,PG001,2026-07-01,126333.5,124698.44,98.71,6234.92,1.0,6234.92,9352.38,6234.92,6234.92,0.0,Paid
PAYOUT_0000365,FR0010,P010,PG001,2026-02-01,76212.55,173745.0,227.97,8687.25,1.5,13030.88,13030.88,13030.88,13030.88,0.0,Paid
PAYOUT_0000182,FR0005,P004,PG001,2026-07-01,87264.21,81209.96,93.06,4060.5,1.0,4060.5,6090.75,4060.5,4060.5,0.0,Paid
PAYOUT_0000937,FR0026,P017,PG001,2026-07-01,86766.06,151038.75,174.08,7551.94,1.5,11327.91,11327.91,11327.91,11327.91,0.0,Paid
PAYOUT_0000306,FR0009,P019,PG001,2026-06-01,105218.08,60007.72,57.03,3000.39,0.75,2250.29,4500.58,2250.29,2250.29,0.0,Paid
PAYOUT_0000656,FR0017,P017,PG001,2026-06-01,107885.08,103195.88,95.65,5159.79,1.0,5159.79,7739.69,5159.79,5159.79,0.0,Paid
PAYOUT_0000815,FR0022,P030,PG001,2026-04-01,142373.12,83578.44,58.7,4178.92,0.75,3134.19,6268.38,3134.19,3134.19,0.0,Adjusted
PAYOUT_0000524,FR0014,P024,PG001,2026-07-01,69817.27,132324.68,189.53,6616.23,1.5,9924.35,9924.35,9924.35,9924.35,0.0,Adjusted
PAYOUT_0000816,FR0022,P030,PG001,2026-05-01,157344.08,100215.4,63.69,5010.77,0.75,3758.08,7516.16,3758.08,3758.08,0.0,Paid
PAYOUT_0000042,FR0002,P022,PG001,2026-07-01,100998.87,44092.5,43.66,2204.62,0.5,1102.31,3306.94,1102.31,1102.31,0.0,Paid
PAYOUT_0001078,FR0029,P014,PG001,2026-01-01,113559.85,46806.78,41.22,2340.34,0.5,1170.17,3510.51,1170.17,1170.17,0.0,Paid
PAYOUT_0000045,FR0002,P024,PG001,2026-03-01,114442.97,145410.45,127.06,7270.52,1.5,10905.78,10905.78,10905.78,10905.78,0.0,Pending
PAYOUT_0000281,FR0009,P011,PG001,2026-02-01,84480.21,84617.56,100.16,4230.88,1.25,5288.6,6346.32,5288.6,5288.6,0.0,Adjusted
PAYOUT_0000810,FR0021,P019,PG001,2026-06-01,104080.91,101914.32,97.92,5095.72,1.0,5095.72,7643.57,5095.72,5095.72,0.0,Paid
PAYOUT_0000705,FR0019,P014,PG001,2026-06-01,161194.82,82961.49,51.47,4148.07,0.75,3111.06,6222.11,3111.06,3111.06,0.0,Pending
PAYOUT_0000454,FR0012,P004,PG001,2026-07-01,167563.05,126477.15,75.48,6323.86,1.0,6323.86,9485.79,6323.86,6323.86,0.0,Paid
PAYOUT_0000942,FR0026,P007,PG001,2026-05-01,176807.42,145573.92,82.33,7278.7,1.0,7278.7,10918.04,7278.7,7278.7,0.0,Paid
PAYOUT_0000676,FR0018,P009,PG001,2026-05-01,111723.83,95193.75,85.2,4759.69,1.0,4759.69,7139.53,4759.69,4759.69,0.0,Adjusted
PAYOUT_0000134,FR0004,P013,PG001,2026-01-01,145550.41,95740.8,65.78,4787.04,0.75,3590.28,7180.56,3590.28,3590.28,0.0,Paid
PAYOUT_0000452,FR0012,P004,PG001,2026-05-01,151322.77,128678.94,85.04,6433.95,1.0,6433.95,9650.92,6433.95,6433.95,0.0,Pending
PAYOUT_0000800,FR0021,P008,PG001,2026-03-01,132312.57,162177.25,122.57,8108.86,1.25,10136.08,12163.29,10136.08,10136.08,0.0,Adjusted
PAYOUT_0000589,FR0016,P001,PG001,2026-02-01,92522.07,76670.32,82.87,3833.52,1.0,3833.52,5750.27,3833.52,3833.52,0.0,Adjusted
PAYOUT_0001034,FR0028,P004,PG001,2026-06-01,67422.74,105765.3,156.87,5288.27,1.5,7932.4,7932.4,7932.4,7932.4,0.0,Paid
PAYOUT_0001061,FR0029,P025,PG001,2026-05-01,65608.16,111408.48,169.81,5570.42,1.5,8355.64,8355.64,8355.64,6769.88,-1585.75,Paid
PAYOUT_0000375,FR0010,P009,PG001,2026-05-01,70810.69,60124.46,84.91,3006.22,1.0,3006.22,4509.33,3006.22,3006.22,0.0,Paid
PAYOUT_0000300,FR0009,P026,PG001,2026-07-01,105531.2,92012.22,87.19,4600.61,1.0,4600.61,6900.92,4600.61,4600.61,0.0,Adjusted
PAYOUT_0000779,FR0021,P014,PG001,2026-03-01,101949.87,89119.32,87.41,4455.97,1.0,4455.97,6683.95,4455.97,4455.97,0.0,Paid
PAYOUT_0000985,FR0027,P030,PG001,2026-06-01,90486.52,136180.96,150.5,6809.05,1.5,10213.57,10213.57,10213.57,10213.57,0.0,Paid
PAYOUT_0000831,FR0022,P018,PG001,2026-06-01,147024.86,59179.14,40.25,2958.96,0.5,1479.48,4438.44,1479.48,6501.35,5021.87,Paid
PAYOUT_0000970,FR0026,P022,PG001,2026-05-01,101866.93,173469.6,170.29,8673.48,1.5,13010.22,13010.22,13010.22,13010.22,0.0,Paid
PAYOUT_0000681,FR0018,P023,PG001,2026-03-01,95260.09,149110.22,156.53,7455.51,1.5,11183.27,11183.27,11183.27,11183.27,0.0,Paid
PAYOUT_0000585,FR0016,P002,PG001,2026-05-01,98212.92,54851.72,55.85,2742.59,0.75,2056.94,4113.88,2056.94,2056.94,0.0,Paid
PAYOUT_0000317,FR0009,P010,PG001,2026-03-01,68092.67,115032.0,168.93,5751.6,1.5,8627.4,8627.4,8627.4,8627.4,0.0,Paid
PAYOUT_0000213,FR0007,P019,PG001,2026-04-01,114303.12,107353.38,93.92,5367.67,1.0,5367.67,8051.5,5367.67,5367.67,0.0,Pending
PAYOUT_0000935,FR0026,P017,PG001,2026-05-01,172831.88,155305.98,89.86,7765.3,1.0,7765.3,11647.95,7765.3,7765.3,0.0,Paid
PAYOUT_0000532,FR0014,P003,PG001,2026-01-01,75722.22,70417.4,92.99,3520.87,1.0,3520.87,5281.31,3520.87,3520.87,0.0,Paid
PAYOUT_0000972,FR0026,P022,PG001,2026-07-01,119216.96,150431.66,126.18,7521.58,1.5,11282.37,11282.37,11282.37,11282.37,0.0,Paid
PAYOUT_0001014,FR0027,P002,PG001,2026-07-01,89893.49,94970.65,105.65,4748.53,1.25,5935.67,7122.8,5935.67,5935.67,0.0,Adjusted
PAYOUT_0000437,FR0012,P029,PG001,2026-04-01,167784.62,69486.55,41.41,3474.33,0.5,1737.16,5211.49,1737.16,1737.16,0.0,Adjusted
PAYOUT_0000578,FR0016,P008,PG001,2026-05-01,75632.78,212911.56,281.51,10645.58,1.5,15968.37,15968.37,15968.37,15968.37,0.0,Paid
PAYOUT_0001059,FR0029,P025,PG001,2026-03-01,175993.67,116990.94,66.47,5849.55,0.75,4387.16,8774.32,4387.16,4387.16,0.0,Adjusted
PAYOUT_0000191,FR0006,P010,PG001,2026-02-01,115011.75,107024.28,93.06,5351.21,1.0,5351.21,8026.82,5351.21,5351.21,0.0,Pending
PAYOUT_0001076,FR0029,P007,PG001,2026-06-01,162974.19,52619.56,32.29,2630.98,0.5,1315.49,3946.47,1315.49,1315.49,0.0,Pending
PAYOUT_0000360,FR0010,P005,PG001,2026-04-01,148016.43,38589.25,26.07,1929.46,0.5,964.73,2894.19,964.73,964.73,0.0,Paid
PAYOUT_0000973,FR0026,P008,PG001,2026-01-01,171483.55,77559.16,45.23,3877.96,0.5,1938.98,5816.94,1938.98,1938.98,0.0,Paid
PAYOUT_0001067,FR0029,P022,PG001,2026-04-01,84034.66,35010.48,41.66,1750.52,0.5,875.26,2625.79,875.26,875.26,0.0,Pending
PAYOUT_0000945,FR0026,P018,PG001,2026-01-01,113083.54,156491.43,138.39,7824.57,1.5,11736.86,11736.86,11736.86,11736.86,0.0,Paid
PAYOUT_0000154,FR0004,P021,PG001,2026-07-01,74933.32,46939.92,62.64,2347.0,0.75,1760.25,3520.49,1760.25,1760.25,0.0,Pending
PAYOUT_0000503,FR0013,P016,PG001,2026-07-01,137355.37,213126.42,155.16,10656.32,1.5,15984.48,15984.48,15984.48,15984.48,0.0,Paid
PAYOUT_0000077,FR0002,P021,PG001,2026-07-01,174756.98,108041.16,61.82,5402.06,0.75,4051.54,8103.09,4051.54,4051.54,0.0,Paid
PAYOUT_0000679,FR0018,P023,PG001,2026-01-01,85722.39,169674.76,197.94,8483.74,1.5,12725.61,12725.61,12725.61,12725.61,0.0,Paid
PAYOUT_0000867,FR0023,P024,PG001,2026-07-01,131021.83,43577.52,33.26,2178.88,0.5,1089.44,3268.31,1089.44,1089.44,0.0,Paid
PAYOUT_0000329,FR0010,P023,PG001,2026-01-01,128110.91,58571.3,45.72,2928.57,0.5,1464.28,4392.85,1464.28,1464.28,0.0,Paid
PAYOUT_0000206,FR0006,P015,PG001,2026-04-01,159372.89,68456.76,42.95,3422.84,0.5,1711.42,5134.26,1711.42,1711.42,0.0,Pending
PAYOUT_0000345,FR0010,P021,PG001,2026-03-01,160511.15,116542.96,72.61,5827.15,0.75,4370.36,8740.72,4370.36,4370.36,0.0,Paid
PAYOUT_0000611,FR0016,P030,PG001,2026-03-01,163405.54,77731.36,47.57,3886.57,0.5,1943.28,5829.85,1943.28,1943.28,0.0,Paid
PAYOUT_0000587,FR0016,P002,PG001,2026-07-01,98984.47,55822.68,56.4,2791.13,0.75,2093.35,4186.7,2093.35,2093.35,0.0,Paid
PAYOUT_0000959,FR0026,P010,PG001,2026-01-01,166785.9,79720.06,47.8,3986.0,0.5,1993.0,5979.0,1993.0,1993.0,0.0,Paid
PAYOUT_0000580,FR0016,P008,PG001,2026-07-01,169716.96,102003.6,60.1,5100.18,0.75,3825.14,7650.27,3825.14,3825.14,0.0,Pending
PAYOUT_0000157,FR0004,P005,PG001,2026-03-01,177275.39,107587.68,60.69,5379.38,0.75,4034.54,8069.08,4034.54,4034.54,0.0,Paid
PAYOUT_0000878,FR0023,P012,PG001,2026-04-01,113661.93,70925.7,62.4,3546.28,0.75,2659.71,5319.43,2659.71,2659.71,0.0,Paid
PAYOUT_0000343,FR0010,P021,PG001,2026-01-01,63125.0,129240.0,204.74,6462.0,1.5,9693.0,9693.0,9693.0,9693.0,0.0,Pending
PAYOUT_0000749,FR0020,P008,PG001,2026-01-01,108796.02,133421.25,122.63,6671.06,1.25,8338.83,10006.59,8338.83,8338.83,0.0,Paid
PAYOUT_0000367,FR0010,P010,PG001,2026-04-01,104804.05,158401.32,151.14,7920.07,1.5,11880.1,11880.1,11880.1,11880.1,0.0,Paid
PAYOUT_0000253,FR0008,P004,PG001,2026-02-01,90070.25,144183.62,160.08,7209.18,1.5,10813.77,10813.77,10813.77,10813.77,0.0,Paid
PAYOUT_0000591,FR0016,P001,PG001,2026-04-01,116354.96,89513.56,76.93,4475.68,1.0,4475.68,6713.52,4475.68,4475.68,0.0,Adjusted
PAYOUT_0000892,FR0024,P003,PG001,2026-04-01,140725.65,76360.44,54.26,3818.02,0.75,2863.52,5727.03,2863.52,2863.52,0.0,Paid
PAYOUT_0000507,FR0013,P004,PG001,2026-04-01,122452.33,124034.04,101.29,6201.7,1.25,7752.13,9302.55,7752.13,7752.13,0.0,Paid
PAYOUT_0000662,FR0017,P016,PG001,2026-05-01,161617.89,44037.89,27.25,2201.89,0.5,1100.95,3302.84,1100.95,1100.95,0.0,Paid
PAYOUT_0000688,FR0018,P014,PG001,2026-03-01,99306.51,69154.96,69.64,3457.75,0.75,2593.31,5186.62,2593.31,2593.31,0.0,Paid
PAYOUT_0000665,FR0017,P026,PG001,2026-01-01,71396.14,121672.5,170.42,6083.62,1.5,9125.44,9125.44,9125.44,9125.44,0.0,Adjusted
PAYOUT_0000447,FR0012,P019,PG001,2026-07-01,146684.31,111491.4,76.01,5574.57,1.0,5574.57,8361.85,5574.57,5574.57,0.0,Paid
PAYOUT_0000131,FR0004,P029,PG001,2026-05-01,101957.1,155848.32,152.86,7792.42,1.5,11688.62,11688.62,11688.62,11688.62,0.0,Paid
PAYOUT_0000698,FR0019,P011,PG001,2026-06-01,99488.93,110453.75,111.02,5522.69,1.25,6903.36,8284.03,6903.36,6903.36,0.0,Paid
PAYOUT_0000818,FR0022,P030,PG001,2026-07-01,177495.63,92039.56,51.85,4601.98,0.75,3451.48,6902.97,3451.48,3451.48,0.0,Paid
PAYOUT_0000845,FR0022,P016,PG001,2026-06-01,138715.35,73114.98,52.71,3655.75,0.75,2741.81,5483.62,2741.81,2741.81,0.0,Paid
PAYOUT_0000523,FR0014,P024,PG001,2026-06-01,171941.54,170222.73,99.0,8511.14,1.0,8511.14,12766.7,8511.14,8511.14,0.0,Paid
PAYOUT_0000244,FR0007,P003,PG001,2026-07-01,109248.29,168263.28,154.02,8413.16,1.5,12619.75,12619.75,12619.75,12619.75,0.0,Adjusted
PAYOUT_0000083,FR0003,P002,PG001,2026-06-01,90384.51,122264.34,135.27,6113.22,1.5,9169.83,9169.83,9169.83,9169.83,0.0,Adjusted
PAYOUT_0000884,FR0023,P027,PG001,2026-03-01,77943.88,69143.35,88.71,3457.17,1.0,3457.17,5185.75,3457.17,3457.17,0.0,Paid
PAYOUT_0000939,FR0026,P007,PG001,2026-02-01,174449.24,150858.21,86.48,7542.91,1.0,7542.91,11314.37,7542.91,7542.91,0.0,Paid
PAYOUT_0000933,FR0026,P017,PG001,2026-03-01,94695.69,139491.5,147.31,6974.58,1.5,10461.86,10461.86,10461.86,10461.86,0.0,Paid
PAYOUT_0000227,FR0007,P018,PG001,2026-04-01,132568.23,178715.94,134.81,8935.8,1.5,13403.7,13403.7,13403.7,13403.7,0.0,Paid
PAYOUT_0000651,FR0017,P017,PG001,2026-01-01,169125.76,116413.71,68.83,5820.69,0.75,4365.51,8731.03,4365.51,4365.51,0.0,Paid
PAYOUT_0000136,FR0004,P013,PG001,2026-03-01,121541.48,83906.8,69.04,4195.34,0.75,3146.51,6293.01,3146.51,3146.51,0.0,Paid
PAYOUT_0000632,FR0017,P010,PG001,2026-03-01,60157.62,28184.38,46.85,1409.22,0.5,704.61,2113.83,704.61,704.61,0.0,Paid
PAYOUT_0000439,FR0012,P029,PG001,2026-06-01,165186.36,64570.96,39.09,3228.55,0.5,1614.27,4842.82,1614.27,1614.27,0.0,Pending
PAYOUT_0000462,FR0012,P017,PG001,2026-01-01,160201.9,136882.71,85.44,6844.14,1.0,6844.14,10266.2,6844.14,6844.14,0.0,Adjusted
PAYOUT_0000731,FR0020,P003,PG001,2026-04-01,141609.85,127821.0,90.26,6391.05,1.0,6391.05,9586.58,6391.05,6391.05,0.0,Paid
PAYOUT_0000297,FR0009,P026,PG001,2026-04-01,87207.17,87051.95,99.82,4352.6,1.0,4352.6,6528.9,4352.6,4352.6,0.0,Paid
PAYOUT_0000636,FR0017,P010,PG001,2026-07-01,167797.38,72474.44,43.19,3623.72,0.5,1811.86,5435.58,1811.86,1811.86,0.0,Paid
PAYOUT_0000553,FR0015,P019,PG001,2026-01-01,160371.85,65621.92,40.92,3281.1,0.5,1640.55,4921.64,1640.55,1640.55,0.0,Paid
PAYOUT_0000377,FR0010,P009,PG001,2026-07-01,70541.39,64083.96,90.85,3204.2,1.0,3204.2,4806.3,3204.2,3204.2,0.0,Paid
PAYOUT_0000852,FR0022,P011,PG001,2026-06-01,109947.22,193404.8,175.91,9670.24,1.5,14505.36,14505.36,14505.36,14505.36,0.0,Pending
PAYOUT_0000366,FR0010,P010,PG001,2026-03-01,84631.29,178700.61,211.15,8935.03,1.5,13402.55,13402.55,13402.55,13402.55,0.0,Paid
PAYOUT_0000606,FR0016,P003,PG001,2026-05-01,104031.02,122181.06,117.45,6109.05,1.25,7636.32,9163.58,7636.32,7636.32,0.0,Pending
PAYOUT_0000863,FR0023,P024,PG001,2026-03-01,178214.46,50451.76,28.31,2522.59,0.5,1261.29,3783.88,1261.29,1261.29,0.0,Paid
PAYOUT_0000207,FR0006,P015,PG001,2026-05-01,146071.92,59202.56,40.53,2960.13,0.5,1480.06,4440.19,1480.06,1480.06,0.0,Adjusted
PAYOUT_0000552,FR0014,P005,PG001,2026-07-01,83909.89,191487.75,228.21,9574.39,1.5,14361.58,14361.58,14361.58,14361.58,0.0,Paid
PAYOUT_0000262,FR0008,P017,PG001,2026-04-01,127258.83,73156.75,57.49,3657.84,0.75,2743.38,5486.76,2743.38,2743.38,0.0,Paid
PAYOUT_0000576,FR0016,P008,PG001,2026-03-01,96989.09,110942.48,114.39,5547.12,1.25,6933.9,8320.69,6933.9,6933.9,0.0,Paid
PAYOUT_0001077,FR0029,P007,PG001,2026-07-01,70743.72,66062.82,93.38,3303.14,1.0,3303.14,4954.71,3303.14,3303.14,0.0,Paid
PAYOUT_0000023,FR0001,P030,PG001,2026-02-01,61031.81,152799.74,250.36,7639.99,1.5,11459.98,11459.98,11459.98,11459.98,0.0,Pending
PAYOUT_0000515,FR0014,P021,PG001,2026-05-01,75084.07,146353.23,194.92,7317.66,1.5,10976.49,10976.49,10976.49,10976.49,0.0,Pending
PAYOUT_0000015,FR0001,P012,PG001,2026-01-01,159720.35,145424.6,91.05,7271.23,1.0,7271.23,10906.84,7271.23,7271.23,0.0,Adjusted
PAYOUT_0000478,FR0013,P012,PG001,2026-03-01,120174.08,89226.54,74.25,4461.33,0.75,3346.0,6691.99,3346.0,3346.0,0.0,Paid
PAYOUT_0000691,FR0018,P014,PG001,2026-06-01,161443.46,50685.78,31.4,2534.29,0.5,1267.14,3801.43,1267.14,1267.14,0.0,Paid
PAYOUT_0000449,FR0012,P004,PG001,2026-02-01,87154.14,95789.95,109.91,4789.5,1.25,5986.87,7184.25,5986.87,5986.87,0.0,Paid
PAYOUT_0001065,FR0029,P022,PG001,2026-02-01,143642.73,43560.96,30.33,2178.05,0.5,1089.02,3267.07,1089.02,1089.02,0.0,Paid
PAYOUT_0000307,FR0009,P019,PG001,2026-07-01,74125.99,76624.86,103.37,3831.24,1.25,4789.05,5746.86,4789.05,4789.05,0.0,Paid
PAYOUT_0000473,FR0013,P005,PG001,2026-05-01,146119.14,75227.4,51.48,3761.37,0.75,2821.03,5642.06,2821.03,2821.03,0.0,Paid
PAYOUT_0000398,FR0011,P016,PG001,2026-07-01,73762.27,54032.88,73.25,2701.64,0.75,2026.23,4052.47,2026.23,2026.23,0.0,Paid
PAYOUT_0000430,FR0012,P026,PG001,2026-04-01,65530.26,181230.28,276.56,9061.51,1.5,13592.27,13592.27,13592.27,13592.27,0.0,Paid
PAYOUT_0000988,FR0027,P014,PG001,2026-02-01,136050.77,167032.76,122.77,8351.64,1.25,10439.55,12527.46,10439.55,10439.55,0.0,Paid
PAYOUT_0000251,FR0007,P027,PG001,2026-07-01,129582.18,149163.7,115.11,7458.19,1.25,9322.73,11187.28,9322.73,9322.73,0.0,Adjusted
PAYOUT_0000953,FR0026,P029,PG001,2026-02-01,163965.07,79477.14,48.47,3973.86,0.5,1986.93,5960.79,1986.93,1986.93,0.0,Paid
PAYOUT_0000703,FR0019,P014,PG001,2026-04-01,153668.98,155150.52,100.96,7757.53,1.25,9696.91,11636.29,9696.91,9696.91,0.0,Paid
PAYOUT_0000687,FR0018,P014,PG001,2026-02-01,141260.01,33048.0,23.4,1652.4,0.5,826.2,2478.6,826.2,826.2,0.0,Paid
PAYOUT_0000529,FR0014,P018,PG001,2026-05-01,128947.32,84156.64,65.26,4207.83,0.75,3155.87,6311.75,3155.87,3155.87,0.0,Paid
