transaction number,sales date,physician id,product id,territory id,qty,sales value,sale status
S0001236,2026-02-04,D000289,P010,T049,16,25150.07,Valid
S0001472,2026-04-05,D000246,P009,T032,10,13647.79,Valid
S0000868,2026-07-27,D000007,P026,T022,148,20521.75,Valid
S0000183,2026-03-27,D000234,P024,T043,20,29082.09,Valid
S0002328,2026-05-10,D000006,P019,T039,21,33544.54,Valid
S0001418,2026-05-13,D000299,P005,T032,12,8129.4,Valid
S0000694,2026-05-22,D000181,P004,T006,87,29385.19,Valid
S0004160,2026-06-14,D000023,P022,T029,33,9421.06,Valid
S0004154,2026-05-12,D000160,P022,T029,24,6684.78,Valid
S0002536,2026-05-12,D000104,P017,T039,46,65130.1,Valid
S0002441,2026-02-13,D000296,P010,T039,10,15061.55,Valid
S0003707,2026-06-03,D000187,P018,T013,46,71282.17,Valid
S0000276,2026-04-09,D000009,P030,T043,77,66410.24,Valid
S0000436,2026-01-04,D000058,P010,T049,12,18814.24,Valid
S0002745,2026-02-27,D000286,P012,T026,23,31314.06,Valid
S0004327,2026-04-06,D000133,P026,T048,144,20007.28,Valid
S0004057,2026-06-07,D000135,P024,T046,7,10535.66,Valid
S0003811,2026-03-12,D000185,P008,T013,14,26324.89,Valid
S0002060,2026-02-08,D000235,P018,T006,19,29031.63,Cancelled
S0000077,2026-05-06,D000238,P012,T023,20,26836.94,Returned
S0000330,2026-04-03,D000058,P002,T049,9,17106.95,Valid
S0002815,2026-05-21,D000118,P015,T026,43,32113.58,Valid
S0000364,2026-06-09,D000039,P021,T049,66,41774.3,Valid
S0000325,2026-03-25,D000172,P002,T049,26,48955.02,Valid
S0000904,2026-01-11,D000040,P023,T022,3,6805.77,Valid
S0003793,2026-05-02,D000200,P022,T013,102,28911.6,Valid
S0000210,2026-02-05,D000198,P019,T043,17,27234.67,Cancelled
S0001675,2026-01-05,D000162,P026,T016,188,26035.21,Valid
S0002962,2026-04-18,D000100,P030,T021,63,54533.04,Valid
S0002164,2026-02-15,D000098,P019,T020,10,16012.52,Valid
S0003471,2026-06-20,D000202,P027,T006,10,12467.68,Valid
S0001605,2026-06-23,D000161,P027,T027,26,33060.42,Valid
S0003840,2026-05-09,D000140,P030,T002,85,73627.24,Valid
S0003921,2026-06-04,D000140,P016,T002,14,25809.83,Valid
S0002253,2026-04-15,D000292,P008,T039,22,39778.34,Valid
S0003726,2026-05-16,D000258,P029,T013,11,21484.07,Valid
S0003138,2026-06-06,D000122,P019,T021,32,50957.16,Valid
S0000972,2026-04-23,D000268,P027,T022,37,48028.48,Valid
S0002929,2026-07-25,D000022,P008,T044,19,34856.58,Valid
S0000266,2026-02-15,D000295,P030,T043,43,36772.83,Valid
S0002050,2026-07-19,D000260,P024,T006,23,33081.17,Valid
S0004281,2026-07-23,D000262,P003,T048,8,19014.55,Valid
S0000143,2026-01-13,D000052,P022,T043,33,9337.91,Valid
S0002809,2026-03-12,D000286,P015,T026,47,35027.92,Valid
S0000006,2026-01-01,D000277,P004,T023,43,14478.72,Valid
S0001676,2026-01-16,D000067,P026,T016,188,26035.21,Valid
S0000749,2026-07-23,D000057,P010,T003,24,37663.37,Valid
S0003393,2026-03-18,D000127,P022,T006,44,12501.88,Valid
S0004029,2026-06-03,D000135,P004,T046,52,17627.55,Valid
S0001990,2026-02-04,D000264,P004,T031,179,60675.32,Valid
S0001606,2026-07-26,D000102,P027,T027,19,24476.07,Valid
S0000701,2026-06-11,D000300,P004,T006,44,14759.77,Valid
S0001185,2026-03-06,D000289,P019,T049,20,31550.36,Valid
S0000116,2026-02-21,D000277,P009,T023,11,14761.71,Valid
S0001252,2026-05-01,D000025,P010,T049,16,24395.03,Valid
S0001096,2026-01-14,D000025,P011,T049,22,23179.8,Valid
S0001086,2026-05-18,D000046,P008,T003,14,25338.53,Valid
S0002836,2026-02-16,D000252,P003,T044,16,35505.7,Valid
S0003388,2026-02-16,D000202,P022,T006,65,18305.7,Adjusted
S0004102,2026-04-27,D000021,P019,T029,15,23628.94,Valid
S0003386,2026-02-07,D000171,P022,T006,65,18305.7,Valid
S0002519,2026-07-20,D000237,P029,T039,13,25852.61,Valid
S0000537,2026-02-03,D000291,P013,T031,27,50303.78,Valid
S0000478,2026-05-23,D000058,P012,T049,11,14547.43,Valid
S0000593,2026-05-25,D000290,P021,T031,20,12915.16,Valid
S0000796,2026-04-07,D000049,P015,T042,15,11409.46,Valid
S0004068,2026-01-27,D000037,P007,T046,21,11091.5,Valid
S0003436,2026-06-22,D000171,P012,T006,14,19033.73,Valid
S0002767,2026-01-18,D000177,P025,T026,10,25178.31,Valid
S0000212,2026-03-14,D000091,P019,T043,14,22706.46,Valid
S0000488,2026-01-05,D000039,P022,T049,120,33995.79,Valid
S0003978,2026-07-27,D000037,P027,T046,46,59838.06,Valid
S0000487,2026-07-12,D000255,P012,T049,5,6911.85,Valid
S0003800,2026-06-20,D000247,P022,T013,117,33206.69,Valid
S0002604,2026-04-17,D000003,P009,T031,11,15067.9,Valid
S0001239,2026-02-03,D000253,P010,T049,16,25150.07,Valid
S0003394,2026-04-27,D000236,P022,T006,89,25317.08,Valid
S0003619,2026-04-08,D000207,P027,T049,17,22577.56,Valid
S0002912,2026-03-06,D000008,P008,T044,18,33052.75,Valid
S0001149,2026-07-24,D000025,P022,T049,241,68287.77,Valid
S0003673,2026-05-04,D000153,P007,T013,46,24262.32,Valid
S0003940,2026-03-02,D000140,P002,T002,11,20797.86,Valid
S0002089,2026-04-06,D000147,P003,T006,6,13669.56,Valid
S0003825,2026-01-11,D000005,P030,T025,74,63632.83,Valid
S0001370,2026-06-27,D000024,P021,T032,88,56002.56,Valid
S0002360,2026-07-07,D000167,P003,T039,24,53920.16,Valid
S0002383,2026-07-21,D000194,P030,T039,35,30546.57,Valid
S0002978,2026-07-05,D000066,P030,T021,32,27579.89,Returned
S0001206,2026-07-23,D000289,P019,T049,8,12770.81,Valid
S0002284,2026-06-22,D000259,P002,T039,8,15293.96,Valid
S0001274,2026-04-18,D000025,P013,T049,12,21941.4,Valid
S0004320,2026-02-01,D000214,P026,T048,180,24932.48,Valid
S0003735,2026-07-08,D000187,P029,T013,10,18877.05,Valid
S0003594,2026-04-01,D000189,P014,T005,8,17192.21,Valid
S0000967,2026-03-19,D000251,P027,T022,27,34803.85,Valid
S0002907,2026-01-17,D000254,P008,T044,14,26684.25,Valid
S0001895,2026-05-14,D000264,P012,T031,16,20909.82,Valid
S0001943,2026-05-20,D000249,P029,T031,7,12572.11,Valid
S0003968,2026-04-17,D000135,P027,T046,45,58407.77,Valid
S0000094,2026-04-19,D000056,P030,T023,48,41121.56,Valid
S0002750,2026-04-05,D000093,P012,T026,25,33772.76,Valid
S0004369,2026-05-17,D000226,P027,T048,13,17420.18,Valid
S0003098,2026-07-24,D000100,P018,T021,38,59043.81,Valid
S0001550,2026-05-20,D000047,P016,T006,5,8966.03,Valid
S0001829,2026-03-10,D000089,P017,T016,49,69320.28,Valid
S0001082,2026-05-05,D000183,P008,T003,14,25338.53,Valid
S0002961,2026-03-18,D000213,P030,T021,39,33615.61,Valid
S0003909,2026-01-26,D000140,P016,T002,15,28143.87,Valid
S0002222,2026-03-05,D000002,P002,T020,5,10034.12,Valid
S0003212,2026-02-24,D000256,P018,T033,8,11678.45,Valid
S0001957,2026-01-25,D000249,P016,T031,20,37183.86,Valid
S0001966,2026-03-11,D000175,P016,T031,11,20735.61,Valid
S0000507,2026-06-05,D000039,P022,T049,103,29180.94,Valid
S0002333,2026-06-07,D000194,P019,T039,8,12274.96,Valid
S0002073,2026-01-24,D000147,P003,T006,6,14083.48,Valid
S0003166,2026-05-02,D000191,P030,T033,29,25053.85,Valid
S0001456,2026-07-07,D000205,P010,T032,20,31707.31,Valid
S0001041,2026-02-02,D000134,P027,T003,12,15492.29,Valid
S0001612,2026-02-18,D000139,P002,T027,25,46581.15,Valid
S0003659,2026-01-08,D000294,P007,T013,150,78312.29,Valid
S0003936,2026-03-12,D000083,P002,T002,11,20797.86,Valid
S0000838,2026-07-24,D000168,P019,T022,14,22545.24,Valid
S0003618,2026-04-15,D000228,P027,T005,17,22577.56,Valid
S0000611,2026-03-03,D000291,P005,T031,39,26896.92,Adjusted
S0002300,2026-05-19,D000211,P001,T039,10,14834.84,Valid
S0002382,2026-06-05,D000233,P030,T039,17,14945.19,Valid
S0000479,2026-05-12,D000076,P012,T049,11,14547.43,Valid
S0002250,2026-03-22,D000112,P008,T039,15,27735.62,Valid
S0002743,2026-02-23,D000095,P012,T026,23,31314.06,Valid
S0000413,2026-03-21,D000058,P015,T049,51,38245.96,Valid
S0004314,2026-07-15,D000027,P015,T048,16,12138.75,Valid
S0003822,2026-07-23,D000150,P008,T013,9,16234.9,Valid
S0000769,2026-05-27,D000132,P023,T042,3,8014.22,Valid
S0003624,2026-05-10,D000240,P027,T005,26,34292.04,Valid
S0001690,2026-05-20,D000075,P026,T016,583,80896.86,Valid
S0000678,2026-07-24,D000300,P015,T006,34,25482.59,Valid
S0003497,2026-06-19,D000242,P003,T011,6,13578.3,Valid
S0001869,2026-05-01,D000033,P005,T031,22,15045.48,Valid
S0002611,2026-05-07,D000269,P009,T031,23,31731.25,Valid
S0001782,2026-05-24,D000067,P004,T016,63,21446.49,Valid
S0001334,2026-04-10,D000085,P008,T032,24,43523.65,Valid
S0001524,2026-05-04,D000038,P019,T027,8,12693.57,Valid
S0001988,2026-01-01,D000264,P004,T031,70,23845.76,Valid
S0002044,2026-04-09,D000117,P024,T006,35,49435.28,Valid
S0003683,2026-07-18,D000258,P007,T013,83,43373.72,Valid
S0002098,2026-06-22,D000117,P003,T006,7,16292.74,Valid
S0004123,2026-03-05,D000042,P025,T010,16,38996.98,Valid
S0002543,2026-01-24,D000054,P016,T039,9,17430.69,Valid
S0002107,2026-02-21,D000147,P010,T006,16,24239.88,Valid
S0001635,2026-06-18,D000102,P002,T027,13,23582.82,Valid
S0001810,2026-04-08,D000137,P027,T016,13,16315.97,Valid
S0000078,2026-06-09,D000056,P012,T023,35,47460.79,Valid
S0001099,2026-02-15,D000025,P011,T049,20,21154.39,Valid
S0001091,2026-06-15,D000125,P008,T003,12,22400.42,Valid
S0001377,2026-02-25,D000204,P002,T032,16,29456.88,Valid
S0000235,2026-01-22,D000001,P009,T043,11,14417.68,Valid
S0002070,2026-07-02,D000260,P018,T006,20,30923.9,Valid
S0001979,2026-07-12,D000033,P016,T031,19,35521.07,Valid
S0000993,2026-02-25,D000082,P004,T003,213,72091.81,Valid
S0000418,2026-04-23,D000058,P015,T049,34,25329.59,Valid
S0002391,2026-02-21,D000211,P006,T039,46,71516.48,Valid
S0001699,2026-01-08,D000075,P029,T016,8,14812.89,Valid
S0003410,2026-01-15,D000127,P012,T006,8,10615.34,Valid
S0003020,2026-03-06,D000100,P014,T021,10,22279.83,Valid
S0003081,2026-02-08,D000122,P018,T021,31,47867.03,Valid
S0003078,2026-01-24,D000273,P018,T021,17,26613.92,Valid
S0003372,2026-05-03,D000202,P024,T006,9,12904.59,Valid
S0000903,2026-07-19,D000007,P018,T022,21,32370.78,Valid
S0000010,2026-03-15,D000020,P004,T023,49,16659.97,Valid
S0001049,2026-04-02,D000241,P027,T003,7,9555.96,Valid
S0004078,2026-04-17,D000037,P007,T046,34,17774.81,Valid
S0002999,2026-05-25,D000066,P009,T021,24,32860.4,Valid
S0002829,2026-01-07,D000032,P003,T044,10,22713.67,Valid
S0001191,2026-04-10,D000216,P019,T049,9,14836.24,Valid
S0000433,2026-07-11,D000058,P015,T049,55,41397.2,Valid
S0001139,2026-04-01,D000192,P022,T049,134,38039.06,Valid
S0002495,2026-07-05,D000054,P002,T039,19,35980.62,Valid
S0001136,2026-03-01,D000289,P022,T049,205,57949.0,Valid
S0002239,2026-07-04,D000123,P002,T020,22,40658.19,Returned
S0000035,2026-02-13,D000238,P001,T023,47,71027.49,Valid
S0000310,2026-06-16,D000163,P021,T043,36,22651.19,Valid
S0001460,2026-01-02,D000204,P009,T032,25,34560.28,Valid
S0004192,2026-01-02,D000159,P014,T029,4,7801.13,Valid
S0002448,2026-05-19,D000208,P010,T039,8,12693.14,Valid
S0000076,2026-05-26,D000203,P012,T023,20,26836.94,Valid
S0004210,2026-05-18,D000016,P014,T029,6,13313.25,Valid
S0000061,2026-02-22,D000199,P012,T023,21,27772.53,Valid
S0002486,2026-06-02,D000220,P002,T039,11,20321.45,Returned
S0002504,2026-03-04,D000068,P029,T039,37,70491.63,Valid
S0001650,2026-03-11,D000043,P010,T027,5,7179.37,Valid
S0003240,2026-01-11,D000142,P019,T033,17,26141.18,Valid
S0000368,2026-07-25,D000244,P021,T049,63,39735.4,Valid
S0000950,2026-05-17,D000268,P003,T022,17,37714.47,Valid
S0004310,2026-07-10,D000148,P015,T048,16,12138.75,Valid
S0001501,2026-07-05,D000038,P004,T027,99,33567.5,Adjusted
S0003603,2026-01-02,D000128,P027,T005,23,29358.03,Valid
S0001844,2026-07-05,D000138,P017,T016,18,24715.94,Valid
S0003766,2026-07-15,D000078,P010,T013,16,25008.36,Valid
S0002655,2026-04-16,D000269,P014,T031,6,13007.98,Valid
S0000111,2026-01-24,D000203,P009,T023,6,8514.22,Valid
S0001361,2026-03-04,D000073,P021,T032,92,58271.48,Valid
S0001743,2026-04-18,D000154,P019,T016,17,27027.51,Valid
S0000946,2026-04-08,D000168,P003,T022,16,35729.9,Valid
S0004360,2026-03-12,D000141,P027,T048,43,55771.04,Valid
S0000717,2026-05-04,D000300,P007,T006,45,23755.15,Valid
S0001495,2026-06-08,D000124,P004,T027,48,16375.12,Valid
S0004016,2026-03-22,D000087,P004,T046,61,20709.05,Valid
S0001678,2026-01-20,D000075,P026,T016,188,26035.21,Valid
S0002541,2026-07-18,D000237,P017,T039,28,39817.72,Valid
S0002891,2026-04-02,D000252,P028,T044,12,16722.78,Valid
S0000842,2026-01-09,D000164,P026,T022,229,31837.73,Valid
S0001445,2026-05-18,D000246,P010,T032,17,27130.55,Valid
S0003527,2026-07-03,D000179,P028,T011,13,17297.09,Valid
S0003756,2026-05-21,D000196,P010,T013,13,19705.95,Valid
S0000441,2026-02-12,D000244,P010,T049,8,12152.73,Valid
S0000406,2026-02-21,D000255,P015,T049,31,23055.14,Valid
S0003363,2026-02-08,D000130,P024,T006,6,9215.49,Valid
S0000032,2026-01-27,D000056,P001,T023,17,25161.84,Valid
S0000443,2026-02-06,D000172,P010,T049,8,12152.73,Valid
S0002064,2026-04-25,D000260,P018,T006,25,38858.09,Valid
S0001055,2026-05-09,D000232,P027,T003,20,26389.09,Valid
S0002283,2026-05-16,D000019,P002,T039,15,27425.86,Valid
S0002072,2026-01-18,D000235,P003,T006,6,14083.48,Valid
S0003613,2026-03-20,D000250,P027,T005,18,22799.0,Valid
S0002785,2026-05-16,D000286,P025,T026,18,45765.45,Valid
S0001971,2026-05-11,D000175,P016,T031,23,43396.05,Valid
S0002879,2026-07-03,D000165,P020,T044,33,31439.85,Valid
S0000110,2026-01-09,D000056,P009,T023,6,8514.22,Valid
S0003181,2026-02-13,D000086,P008,T033,5,10093.99,Valid
S0002112,2026-03-23,D000235,P010,T006,13,19722.13,Valid
S0001918,2026-04-25,D000264,P025,T031,4,10682.48,Valid
S0003204,2026-07-03,D000086,P008,T033,7,13006.3,Valid
S0003945,2026-04-04,D000140,P002,T002,11,20754.08,Valid
S0001512,2026-02-01,D000206,P019,T027,5,8534.38,Valid
S0000734,2026-02-27,D000230,P010,T042,11,17837.38,Valid
S0001064,2026-07-14,D000241,P027,T003,8,10132.57,Valid
S0000647,2026-05-23,D000290,P025,T031,11,26766.79,Valid
S0002862,2026-03-21,D000223,P020,T044,48,46011.49,Valid
S0003751,2026-04-10,D000103,P010,T013,18,28055.09,Valid
S0000382,2026-04-22,D000255,P004,T049,93,31465.66,Valid
S0003380,2026-06-05,D000202,P024,T006,5,7595.4,Valid
S0002682,2026-02-18,D000286,P011,T026,29,30587.28,Valid
S0002005,2026-07-18,D000249,P004,T031,69,23406.09,Valid
S0002321,2026-04-16,D000292,P019,T039,7,10410.64,Adjusted
S0002629,2026-03-21,D000217,P023,T031,31,74555.11,Valid
S0001295,2026-02-04,D000061,P023,T032,6,15297.07,Valid
S0000939,2026-02-18,D000287,P003,T022,16,36236.46,Valid
S0003106,2026-03-11,D000176,P008,T021,18,32435.45,Valid
S0004367,2026-04-13,D000133,P027,T048,14,18233.29,Valid
S0003075,2026-01-18,D000176,P018,T021,17,26613.92,Adjusted
S0003559,2026-01-25,D000189,P026,T005,324,44943.67,Valid
S0003730,2026-05-27,D000151,P029,T013,11,21484.07,Valid
S0001304,2026-03-20,D000024,P023,T032,6,13241.58,Valid
S0003023,2026-03-08,D000122,P014,T021,10,22279.83,Valid
S0003396,2026-05-12,D000064,P022,T006,96,27294.31,Valid
S0000732,2026-01-24,D000049,P010,T042,37,57386.05,Valid
S0000315,2026-07-04,D000224,P021,T043,85,54020.58,Valid
S0003330,2026-02-27,D000173,P020,T033,26,25330.84,Valid
S0002399,2026-04-09,D000094,P006,T039,21,31775.62,Adjusted
S0000943,2026-03-15,D000012,P003,T022,23,52201.12,Valid
S0004148,2026-03-27,D000016,P022,T029,34,9753.61,Valid
S0002114,2026-03-10,D000147,P010,T006,13,19722.13,Valid
S0001933,2026-02-20,D000249,P029,T031,8,15675.67,Valid
S0003217,2026-04-14,D000245,P018,T033,8,13025.42,Valid
S0000139,2026-07-08,D000186,P009,T023,9,12067.42,Valid
S0003014,2026-07-12,D000100,P009,T021,17,23597.79,Valid
S0000888,2026-04-01,D000287,P018,T022,19,29785.99,Valid
S0000109,2026-01-03,D000077,P009,T023,6,8514.22,Valid
S0002845,2026-05-18,D000032,P003,T044,33,76262.01,Valid
S0002687,2026-03-26,D000177,P011,T026,20,20809.35,Valid
S0002185,2026-07-25,D000123,P019,T020,8,13025.32,Valid
S0001404,2026-02-05,D000205,P005,T032,11,7272.51,Valid
S0000292,2026-01-03,D000009,P021,T043,69,44012.96,Valid
S0001374,2026-01-18,D000024,P002,T032,40,74125.97,Valid
S0002257,2026-05-19,D000215,P008,T039,19,35485.26,Valid
S0000645,2026-05-08,D000261,P025,T031,11,26766.79,Cancelled
S0003849,2026-01-02,D000140,P014,T002,15,32121.88,Adjusted
S0002426,2026-04-26,D000237,P019,T039,7,11608.14,Valid
S0002467,2026-01-11,D000296,P002,T039,11,20849.46,Valid
S0001195,2026-05-17,D000015,P019,T049,7,11158.75,Valid
S0001259,2026-07-26,D000015,P010,T049,22,34158.12,Valid
S0001207,2026-07-05,D000253,P019,T049,8,12770.81,Valid
S0003599,2026-05-14,D000010,P014,T005,24,51565.0,Valid
S0003941,2026-04-17,D000188,P002,T002,11,20754.08,Valid
S0001178,2026-01-11,D000174,P019,T049,15,23251.25,Valid
S0004012,2026-02-26,D000267,P004,T046,63,21238.09,Valid
S0001172,2026-07-24,D000174,P026,T049,111,15335.37,Valid
S0003201,2026-07-12,D000182,P008,T033,7,13006.3,Valid
S0003190,2026-04-04,D000245,P008,T033,7,13036.31,Valid
S0001855,2026-03-08,D000175,P005,T031,22,15286.85,Valid
S0003718,2026-02-01,D000187,P029,T013,14,26492.38,Valid
S0001416,2026-04-21,D000085,P005,T032,11,7717.85,Valid
S0003105,2026-03-15,D000273,P008,T021,18,32435.45,Valid
S0001778,2026-04-25,D000162,P004,T016,71,24068.13,Valid
S0003413,2026-01-14,D000064,P012,T006,8,10615.34,Valid
S0001326,2026-02-19,D000136,P008,T032,21,38666.35,Valid
S0002366,2026-02-16,D000211,P030,T039,32,27624.97,Valid
S0001173,2026-07-10,D000025,P026,T049,111,15335.37,Valid
S0001539,2026-03-20,D000043,P016,T027,5,8367.98,Valid
S0002069,2026-07-14,D000117,P018,T006,20,30923.9,Valid
S0000893,2026-05-07,D000278,P018,T022,23,35032.65,Valid
S0000928,2026-07-23,D000040,P023,T022,4,9317.84,Valid
S0002770,2026-01-10,D000095,P025,T026,10,25178.31,Valid
S0002487,2026-06-13,D000011,P002,T039,11,20321.45,Valid
S0004235,2026-04-08,D000214,P018,T048,8,12744.1,Valid
S0001088,2026-06-25,D000183,P008,T003,12,22400.42,Valid
S0004331,2026-04-26,D000084,P026,T048,144,20007.28,Valid
S0002766,2026-07-22,D000286,P012,T026,40,53852.32,Returned
S0000523,2026-05-24,D000152,P029,T031,20,38962.08,Valid
S0003963,2026-02-03,D000280,P027,T046,14,18326.89,Valid
S0000781,2026-02-07,D000057,P015,T042,15,11501.08,Valid
S0002747,2026-03-25,D000118,P012,T026,31,41383.94,Valid
S0003464,2026-05-01,D000127,P027,T006,16,20217.56,Valid
S0002432,2026-05-23,D000114,P019,T039,10,16182.35,Valid
S0000510,2026-01-05,D000261,P029,T031,21,40966.06,Valid
S0000644,2026-05-07,D000152,P025,T031,11,26766.79,Valid
S0000345,2026-07-23,D000255,P002,T049,11,21380.14,Valid
S0003175,2026-07-13,D000142,P030,T033,27,23009.89,Valid
S0000906,2026-01-15,D000012,P023,T022,3,6805.77,Valid
S0001023,2026-04-13,D000134,P017,T003,10,14631.35,Valid
S0001074,2026-03-26,D000156,P008,T003,14,26364.82,Valid
S0002021,2026-05-21,D000072,P021,T006,77,48784.41,Valid
S0001531,2026-02-12,D000043,P016,T027,4,8336.59,Valid
S0004236,2026-04-22,D000141,P018,T048,8,12744.1,Valid
S0002219,2026-03-24,D000088,P002,T020,5,10034.12,Valid
S0002434,2026-06-26,D000054,P019,T039,16,25043.58,Valid
S0003402,2026-07-27,D000236,P022,T006,40,11297.27,Cancelled
S0001616,2026-03-10,D000107,P002,T027,15,28638.85,Valid
S0003798,2026-06-03,D000200,P022,T013,117,33206.69,Valid
S0000505,2026-06-11,D000058,P022,T049,103,29180.94,Valid
S0002618,2026-07-13,D000096,P009,T031,13,18326.03,Valid
S0002579,2026-02-12,D000068,P026,T039,233,32295.93,Valid
S0000417,2026-04-08,D000244,P015,T049,34,25329.59,Valid
S0002386,2026-01-12,D000279,P006,T039,13,20432.33,Valid
S0002478,2026-04-13,D000220,P002,T039,14,26882.74,Valid
S0004059,2026-06-06,D000036,P024,T046,7,10535.66,Valid
S0000452,2026-06-23,D000076,P010,T035,10,15902.83,Valid
S0000583,2026-02-01,D000291,P021,T031,32,20155.8,Valid
S0002227,2026-04-20,D000129,P002,T020,5,8625.73,Valid
S0001353,2026-01-17,D000026,P021,T037,102,64620.0,Valid
S0004239,2026-05-24,D000141,P018,T028,23,35469.68,Valid
S0001883,2026-01-01,D000101,P012,T031,22,28994.29,Valid
S0000085,2026-01-26,D000077,P030,T023,24,20864.47,Valid
S0003403,2026-07-15,D000064,P022,T006,40,11297.27,Valid
S0003886,2026-03-22,D000188,P029,T002,16,30438.56,Valid
S0001220,2026-04-10,D000216,P002,T049,33,62417.25,Valid
S0003069,2026-07-26,D000213,P005,T021,29,19640.47,Valid
S0001163,2026-04-10,D000015,P026,T049,125,17410.39,Valid
S0001740,2026-03-07,D000154,P019,T016,14,21496.08,Valid
S0001915,2026-04-25,D000175,P025,T031,4,10682.48,Valid
S0002759,2026-05-15,D000093,P012,T026,17,22789.73,Valid
S0002139,2026-03-11,D000117,P005,T006,62,42459.27,Valid
S0001502,2026-07-16,D000206,P004,T027,99,33567.5,Valid
S0004073,2026-02-11,D000087,P007,T046,37,19379.14,Valid
S0002888,2026-04-19,D000266,P028,T044,12,16722.78,Valid
S0002442,2026-03-16,D000068,P010,T039,18,28184.38,Valid
S0004194,2026-01-01,D000210,P014,T029,4,7801.13,Adjusted
S0000356,2026-04-20,D000039,P021,T049,54,34535.44,Valid
S0002220,2026-03-18,D000129,P002,T020,5,10034.12,Valid
S0001552,2026-05-05,D000161,P016,T027,5,8966.03,Valid
S0002552,2026-03-10,D000104,P016,T039,16,29149.92,Valid
S0001860,2026-04-14,D000101,P005,T031,24,16707.18,Valid
S0004255,2026-02-20,D000157,P003,T048,5,10977.23,Valid
S0001385,2026-04-14,D000299,P002,T032,19,34741.81,Valid
S0001848,2026-01-06,D000175,P005,T031,55,37747.71,Valid
S0002819,2026-06-09,D000093,P015,T026,50,37579.17,Valid
S0002640,2026-07-26,D000269,P023,T031,11,27287.79,Valid
S0004185,2026-07-21,D000229,P007,T029,21,11010.47,Valid
S0004303,2026-05-26,D000084,P015,T048,24,18004.53,Valid
S0003286,2026-06-23,D000191,P016,T033,7,12185.83,Valid
S0002007,2026-07-12,D000274,P004,T031,69,23406.09,Valid
S0003249,2026-04-09,D000191,P019,T033,18,29020.43,Valid
S0002595,2026-07-27,D000243,P026,T039,303,42094.42,Valid
S0002551,2026-02-27,D000011,P016,T050,11,20695.03,Valid
S0000632,2026-01-02,D000152,P025,T031,14,33484.67,Valid
S0001694,2026-06-03,D000154,P026,T016,276,38336.55,Valid
S0002031,2026-01-14,D000117,P024,T006,29,41105.68,Adjusted
S0003374,2026-05-08,D000064,P024,T006,9,12904.59,Valid
S0002188,2026-01-08,D000123,P010,T020,6,9793.87,Valid
S0003335,2026-04-05,D000079,P020,T033,31,29729.18,Valid
S0003934,2026-02-27,D000083,P002,T002,11,21171.27,Valid
S0001755,2026-06-05,D000067,P019,T016,14,21497.41,Valid
S0001549,2026-05-08,D000248,P016,T045,5,8966.03,Valid
S0001567,2026-02-26,D000206,P014,T027,7,14202.46,Valid
S0003687,2026-02-16,D000153,P018,T018,29,45170.66,Valid
S0004252,2026-01-23,D000133,P003,T048,10,21710.88,Valid
S0001936,2026-02-23,D000033,P029,T031,8,15675.67,Valid
S0000833,2026-06-09,D000293,P019,T022,22,34753.72,Valid
S0003443,2026-07-07,D000130,P012,T006,8,10516.98,Valid
S0003964,2026-02-01,D000087,P027,T046,14,18326.89,Valid
S0001052,2026-04-16,D000053,P027,T003,7,9555.96,Valid
S0003652,2026-06-09,D000258,P017,T013,38,53087.96,Valid
S0000300,2026-03-17,D000052,P021,T043,27,17479.86,Valid
S0002408,2026-07-10,D000090,P006,T039,12,18508.58,Valid
S0000203,2026-07-20,D000034,P024,T043,13,17915.73,Valid
S0002405,2026-06-26,D000092,P006,T039,16,24342.36,Valid
S0000984,2026-07-11,D000278,P027,T022,23,29832.74,Valid
S0003670,2026-04-25,D000212,P007,T013,63,32813.67,Adjusted
S0003391,2026-03-20,D000171,P022,T006,44,12501.88,Valid
S0002826,2026-07-21,D000095,P015,T026,49,37038.87,Valid
S0000023,2026-07-05,D000056,P004,T023,45,15126.74,Valid
S0002931,2026-07-11,D000252,P008,T044,19,34856.58,Valid
S0000476,2026-04-27,D000039,P012,T049,13,17743.17,Valid
S0002996,2026-04-15,D000213,P009,T021,29,39613.82,Adjusted
S0000137,2026-07-21,D000077,P009,T023,9,12067.42,Valid
S0002775,2026-03-21,D000041,P025,T026,10,23703.75,Valid
S0000403,2026-01-11,D000076,P015,T049,34,25741.06,Valid
S0000177,2026-02-09,D000198,P024,T043,37,52232.54,Valid
S0004280,2026-06-01,D000148,P003,T048,5,10463.42,Valid
S0001770,2026-02-21,D000097,P004,T016,57,19157.99,Valid
S0000179,2026-03-04,D000198,P024,T043,20,29082.09,Valid
S0001438,2026-03-09,D000299,P010,T032,38,59566.87,Valid
S0003771,2026-01-03,D000257,P022,T013,111,31447.67,Valid
S0001768,2026-02-04,D000137,P004,T016,57,19157.99,Valid
S0001076,2026-03-15,D000134,P008,T003,14,26364.82,Valid
S0002163,2026-02-12,D000129,P019,T020,10,16012.52,Valid
S0002186,2026-07-24,D000158,P019,T020,8,13025.32,Valid
S0003732,2026-06-16,D000153,P029,T013,22,42405.31,Valid
S0000208,2026-02-25,D000163,P019,T043,17,27234.67,Valid
S0002276,2026-04-10,D000259,P002,T039,5,8758.67,Valid
S0002865,2026-04-04,D000008,P020,T044,23,22538.89,Valid
S0000375,2026-02-02,D000255,P004,T049,62,21145.21,Valid
S0001583,2026-06-23,D000155,P014,T027,7,15366.54,Valid
S0001525,2026-06-25,D000124,P019,T027,27,41633.78,Valid
S0000511,2026-01-14,D000290,P029,T031,21,40966.06,Valid
S0002831,2026-01-24,D000165,P003,T044,10,22713.67,Valid
S0000874,2026-01-13,D000040,P018,T022,33,51443.2,Valid
S0002705,2026-06-19,D000227,P011,T026,21,22090.75,Valid
S0001972,2026-05-17,D000249,P016,T031,23,43396.05,Valid
S0003087,2026-03-05,D000273,P018,T021,18,27972.01,Valid
S0001790,2026-07-06,D000089,P004,T016,75,25295.43,Valid
S0001812,2026-04-01,D000138,P027,T016,13,16315.97,Valid
S0000949,2026-05-12,D000007,P003,T022,17,37714.47,Valid
S0000911,2026-03-23,D000178,P023,T022,10,24163.95,Valid
S0003504,2026-01-12,D000242,P028,T011,19,25862.51,Cancelled
S0003668,2026-04-17,D000153,P007,T013,63,32813.67,Valid
S0000444,2026-02-11,D000076,P010,T049,8,12152.73,Valid
S0002304,2026-05-13,D000279,P001,T039,10,14834.84,Valid
S0002061,2026-03-10,D000260,P018,T006,27,41193.96,Cancelled
S0001535,2026-02-14,D000161,P016,T027,4,8336.59,Valid
S0004066,2026-01-18,D000087,P007,T046,21,11091.5,Valid
S0000503,2026-05-12,D000058,P022,T049,127,35920.9,Valid
S0000517,2026-03-27,D000261,P029,T031,19,36680.32,Valid
S0003358,2026-01-11,D000171,P024,T006,9,13349.67,Valid
S0003367,2026-03-15,D000127,P024,T006,9,12612.94,Valid
S0001203,2026-07-25,D000271,P019,T049,8,12770.81,Valid
S0002033,2026-01-05,D000260,P024,T006,29,41105.68,Valid
S0003666,2026-04-14,D000103,P007,T013,63,32813.67,Valid
S0000524,2026-05-17,D000261,P029,T031,20,38962.08,Valid
S0003904,2026-07-02,D000005,P029,T002,11,21874.29,Valid
S0002264,2026-07-16,D000112,P008,T039,14,25500.9,Valid
S0000980,2026-06-22,D000268,P027,T022,34,43829.61,Valid
S0003314,2026-05-14,D000191,P011,T033,74,78895.93,Valid
S0000703,2026-07-17,D000181,P004,T006,60,20302.49,Valid
S0000022,2026-06-22,D000203,P004,T023,89,30155.76,Valid
S0000865,2026-06-03,D000012,P026,T022,462,64175.83,Valid
S0000138,2026-07-12,D000199,P009,T023,9,12067.42,Valid
S0001696,2026-07-17,D000162,P026,T016,624,86637.45,Valid
S0003872,2026-06-03,D000005,P014,T002,18,39207.47,Valid
S0003556,2026-07-12,D000265,P029,T011,9,16878.05,Valid
S0002392,2026-02-15,D000190,P006,T039,46,71516.48,Valid
S0002678,2026-01-19,D000118,P011,T026,24,24934.6,Valid
S0003279,2026-05-15,D000182,P016,T033,8,13942.1,Valid
S0000221,2026-05-05,D000219,P019,T043,18,27763.35,Valid
S0004240,2026-06-06,D000214,P018,T048,8,13041.55,Valid
S0001543,2026-04-06,D000038,P016,T027,7,12676.82,Valid
S0002099,2026-06-13,D000235,P003,T006,7,16292.74,Valid
S0003629,2026-06-06,D000004,P027,T005,32,42001.16,Valid
S0001956,2026-01-27,D000175,P016,T031,20,37183.86,Valid
S0004004,2026-07-08,D000267,P023,T046,12,28482.71,Adjusted
S0002730,2026-06-09,D000093,P014,T026,39,82961.49,Cancelled
S0001633,2026-06-05,D000107,P002,T027,13,23582.82,Valid
S0002822,2026-06-10,D000041,P015,T026,50,37579.17,Valid
S0002030,2026-07-07,D000260,P021,T006,49,31174.61,Valid
S0003055,2026-04-22,D000066,P005,T021,28,18939.89,Valid
S0000009,2026-02-24,D000277,P004,T023,88,29885.18,Returned
S0002780,2026-04-25,D000227,P025,T026,12,29332.85,Valid
S0003365,2026-03-24,D000202,P024,T006,9,12612.94,Valid
S0003062,2026-05-02,D000066,P005,T021,54,36920.17,Valid
S0001623,2026-04-21,D000161,P002,T027,17,32353.04,Valid
S0001636,2026-06-23,D000161,P002,T027,13,23582.82,Valid
S0003717,2026-02-21,D000196,P029,T013,14,26492.38,Valid
S0001227,2026-06-20,D000025,P002,T049,12,22620.92,Valid
S0001881,2026-01-15,D000249,P012,T031,22,28994.29,Valid
S0002176,2026-05-19,D000028,P019,T020,21,33655.66,Valid
S0001105,2026-04-06,D000025,P011,T049,14,14502.08,Valid
S0003856,2026-03-11,D000131,P014,T002,23,49482.53,Valid
S0000282,2026-06-13,D000052,P030,T043,49,42045.64,Valid
S0000178,2026-02-24,D000224,P024,T043,37,52232.54,Valid
S0001111,2026-05-24,D000216,P011,T049,28,30154.95,Valid
S0003555,2026-07-07,D000081,P029,T011,9,16878.05,Valid
S0002293,2026-02-23,D000094,P001,T039,13,19167.58,Valid
S0004326,2026-04-22,D000141,P026,T048,144,20007.28,Valid
S0003611,2026-03-02,D000166,P027,T005,18,22799.0,Valid
S0002782,2026-04-04,D000093,P025,T026,12,29332.85,Returned
S0004143,2026-02-05,D000059,P022,T029,51,14520.32,Valid
S0000765,2026-04-05,D000144,P023,T042,11,25726.02,Returned
S0002774,2026-03-24,D000093,P025,T026,10,23703.75,Valid
S0000182,2026-03-01,D000163,P024,T043,20,29082.09,Valid
S0001521,2026-04-16,D000043,P019,T027,9,14343.42,Valid
S0002178,2026-06-08,D000048,P019,T020,23,36591.32,Valid
S0003834,2026-03-17,D000188,P030,T002,33,28318.21,Valid
S0003126,2026-02-13,D000176,P019,T021,36,56116.43,Valid
S0000004,2026-01-17,D000186,P004,T023,43,14478.72,Valid
S0003660,2026-01-16,D000151,P007,T013,150,78312.29,Valid
S0000557,2026-01-18,D000290,P011,T031,24,25068.7,Valid
S0001643,2026-01-16,D000038,P010,T027,8,12353.38,Valid
S0004046,2026-03-10,D000135,P024,T046,8,11354.88,Valid
S0003022,2026-03-15,D000273,P014,T021,10,22279.83,Valid
S0003499,2026-07-19,D000179,P003,T011,6,14584.87,Valid
S0003345,2026-06-25,D000245,P020,T033,63,60886.67,Valid
S0002811,2026-04-07,D000227,P015,T026,49,36684.98,Valid
S0004001,2026-06-06,D000087,P023,T046,13,30419.13,Valid
S0000883,2026-03-04,D000268,P018,T022,50,77608.79,Valid
S0000093,2026-04-08,D000077,P030,T023,48,41121.56,Valid
S0003329,2026-02-13,D000182,P020,T033,26,25330.84,Valid
S0004017,2026-03-26,D000036,P004,T046,61,20709.05,Valid
S0002134,2026-01-14,D000260,P005,T006,45,31044.69,Valid
S0001238,2026-02-03,D000015,P010,T049,16,25150.07,Valid
S0000092,2026-03-26,D000077,P030,T023,81,70262.89,Valid
S0001528,2026-01-21,D000107,P016,T027,8,15683.64,Valid
S0003039,2026-06-06,D000213,P014,T021,8,17625.48,Adjusted
S0003469,2026-06-13,D000236,P027,T006,10,12467.68,Returned
S0001124,2026-07-24,D000253,P011,T049,12,13087.55,Valid
S0003715,2026-01-09,D000196,P029,T013,18,34114.61,Valid
S0002140,2026-03-07,D000235,P005,T006,62,42459.27,Valid
S0001601,2026-05-01,D000248,P027,T027,32,40909.11,Valid
S0003705,2026-05-09,D000212,P018,T013,17,26399.94,Valid
S0002363,2026-01-08,D000233,P030,T039,34,29368.71,Valid
S0002094,2026-05-04,D000235,P003,T006,7,15285.97,Valid
S0000223,2026-05-27,D000091,P019,T043,18,27763.35,Valid
S0000878,2026-02-21,D000178,P018,T022,18,27083.58,Valid
S0000438,2026-01-13,D000172,P010,T049,12,18814.24,Valid
S0002490,2026-06-07,D000114,P002,T039,11,20321.45,Valid
S0001825,2026-01-02,D000162,P017,T016,33,45627.57,Valid
S0000489,2026-01-14,D000058,P022,T049,120,33995.79,Cancelled
S0000802,2026-06-27,D000049,P015,T040,35,26348.71,Valid
S0002376,2026-05-02,D000259,P030,T039,32,27662.03,Valid
S0003565,2026-03-13,D000018,P026,T005,117,16227.57,Adjusted
S0000872,2026-07-19,D000050,P026,T022,148,20521.75,Valid
S0002781,2026-04-19,D000118,P025,T026,12,29332.85,Valid
S0002014,2026-03-07,D000235,P021,T006,60,38008.93,Valid
S0002287,2026-06-04,D000019,P002,T039,8,15293.96,Valid
S0003178,2026-01-14,D000170,P008,T033,7,12784.3,Valid
S0002571,2026-01-12,D000104,P026,T039,146,20278.75,Valid
S0001309,2026-04-07,D000204,P023,T032,8,19736.0,Valid
S0003248,2026-04-11,D000079,P019,T033,18,29020.43,Valid
S0001961,2026-03-15,D000274,P016,T031,11,20735.61,Valid
S0003417,2026-02-12,D000171,P012,T006,13,17243.05,Adjusted
S0003737,2026-07-11,D000051,P029,T013,10,18877.05,Valid
S0000367,2026-07-02,D000039,P021,T049,63,39735.4,Valid
S0002150,2026-06-21,D000235,P005,T006,46,31170.95,Valid
S0003465,2026-05-07,D000064,P027,T006,16,20217.56,Adjusted
S0003097,2026-07-12,D000273,P018,T021,38,59043.81,Valid
S0000963,2026-01-06,D000164,P027,T022,28,36714.9,Valid
S0004013,2026-02-17,D000037,P004,T046,63,21238.09,Valid
S0002035,2026-02-26,D000235,P024,T006,55,78578.09,Cancelled
S0003808,2026-02-27,D000078,P008,T013,16,30299.3,Valid
S0002244,2026-02-13,D000211,P008,T039,19,35251.41,Valid
S0004069,2026-01-12,D000280,P007,T046,21,11091.5,Valid
S0003674,2026-05-06,D000150,P007,T013,46,24262.32,Valid
S0003018,2026-02-21,D000066,P014,T021,22,46420.59,Valid
S0002540,2026-07-01,D000068,P017,T039,28,39817.72,Valid
S0002670,2026-07-06,D000297,P014,T031,6,12886.19,Cancelled
S0003120,2026-07-16,D000273,P008,T021,48,88965.67,Valid
S0004097,2026-03-03,D000030,P019,T029,15,22805.5,Valid
S0001510,2026-02-01,D000145,P019,T027,5,8534.38,Valid
S0002855,2026-01-25,D000022,P020,T044,31,29773.44,Valid
S0001070,2026-02-17,D000053,P008,T003,15,28475.96,Valid
S0001541,2026-03-08,D000124,P016,T027,5,8367.98,Valid
S0002145,2026-04-20,D000260,P005,T006,48,33115.06,Valid
S0004195,2026-02-06,D000042,P014,T029,3,7124.88,Valid
S0001287,2026-07-07,D000271,P013,T049,15,27171.73,Valid
S0004170,2026-02-18,D000239,P007,T029,50,25874.59,Valid
S0000013,2026-03-13,D000277,P004,T023,49,16659.97,Valid
S0000242,2026-03-03,D000017,P009,T043,12,16804.82,Valid
S0003111,2026-04-26,D000066,P008,T021,14,25366.84,Valid
S0001090,2026-06-08,D000053,P008,T003,12,22400.42,Valid
S0000334,2026-05-01,D000058,P002,T049,27,50715.7,Valid
S0003820,2026-07-11,D000212,P008,T013,9,16234.9,Valid
S0004035,2026-07-05,D000280,P004,T046,94,31837.0,Valid
S0002531,2026-03-18,D000243,P017,T039,46,64506.97,Valid
S0002859,2026-02-15,D000223,P020,T044,48,45884.14,Valid
S0004202,2026-03-22,D000281,P014,T029,12,25963.16,Valid
S0004330,2026-04-25,D000218,P026,T048,144,20007.28,Valid
S0002621,2026-01-14,D000197,P023,T031,36,84837.38,Valid
S0001940,2026-03-10,D000175,P029,T031,9,18255.32,Cancelled
S0002744,2026-02-11,D000227,P012,T026,23,31314.06,Valid
S0000531,2026-07-11,D000261,P029,T031,40,77649.03,Valid
S0004253,2026-02-18,D000262,P003,T048,5,10977.23,Valid
S0002800,2026-01-13,D000225,P015,T026,30,22551.17,Valid
S0003346,2026-06-16,D000086,P020,T033,63,60886.67,Valid
S0003757,2026-05-15,D000258,P010,T013,13,19705.95,Adjusted
S0001448,2026-05-10,D000073,P010,T032,17,27130.55,Adjusted
S0003057,2026-04-15,D000273,P005,T005,28,18939.89,Valid
S0000779,2026-02-19,D000065,P015,T042,15,11501.08,Valid
S0004230,2026-03-12,D000262,P018,T048,10,15187.22,Valid
S0000089,2026-02-27,D000203,P030,T023,88,76399.87,Valid
S0000614,2026-03-08,D000152,P005,T031,39,26896.92,Valid
S0003541,2026-04-07,D000111,P029,T011,4,7459.59,Cancelled
S0000708,2026-01-12,D000062,P007,T006,83,43443.48,Valid
S0003344,2026-05-02,D000275,P020,T033,18,17663.16,Valid
S0000572,2026-05-07,D000290,P011,T031,23,24134.67,Valid
S0000582,2026-01-14,D000152,P021,T031,37,23618.79,Valid
S0001900,2026-06-02,D000249,P012,T031,13,17609.88,Valid
S0001905,2026-06-20,D000101,P012,T031,13,17609.88,Cancelled
S0002636,2026-06-24,D000197,P023,T031,17,39435.94,Valid
S0002237,2026-06-22,D000048,P002,T020,9,16151.7,Valid
S0003187,2026-03-18,D000170,P008,T033,7,12802.32,Valid
S0001847,2026-07-10,D000137,P017,T016,18,24715.94,Valid
S0000270,2026-02-24,D000052,P030,T043,43,36772.83,Valid
S0000362,2026-06-08,D000076,P021,T049,66,41774.3,Valid
S0004261,2026-03-24,D000157,P003,T048,6,14082.52,Valid
S0000258,2026-06-10,D000045,P009,T043,13,17532.14,Valid
S0001153,2026-01-20,D000192,P026,T049,166,23024.24,Valid
S0000987,2026-01-05,D000241,P004,T003,80,26997.64,Valid
S0000894,2026-06-11,D000126,P018,T022,21,31799.56,Valid
S0003219,2026-04-06,D000079,P018,T033,8,13025.42,Valid
S0004002,2026-06-04,D000280,P023,T046,13,30419.13,Valid
S0003037,2026-06-03,D000066,P014,T021,8,17625.48,Valid
S0002357,2026-06-25,D000090,P003,T039,12,27070.79,Valid
S0000810,2026-01-16,D000126,P019,T022,29,45832.02,Valid
S0002080,2026-03-10,D000235,P003,T006,6,13871.99,Valid
S0002425,2026-03-09,D000054,P019,T039,6,9090.62,Valid
S0002480,2026-04-24,D000243,P002,T039,14,26882.74,Valid
S0000790,2026-03-27,D000144,P015,T042,30,22300.96,Valid
S0000326,2026-03-01,D000076,P002,T049,26,48955.02,Valid
S0004135,2026-06-07,D000059,P025,T029,17,42035.77,Valid
S0003004,2026-06-27,D000176,P009,T021,17,22788.93,Valid
S0000231,2026-01-08,D000045,P009,T043,11,14417.68,Valid
S0001356,2026-02-27,D000024,P021,T032,31,19668.59,Valid
S0002937,2026-02-10,D000022,P017,T044,18,25085.45,Valid
S0000309,2026-06-25,D000052,P021,T043,36,22651.19,Valid
S0000631,2026-01-20,D000291,P025,T031,14,33484.67,Valid
S0000305,2026-05-11,D000091,P021,T043,34,21402.4,Valid
S0000095,2026-04-24,D000199,P030,T023,48,41121.56,Valid
S0000348,2026-01-05,D000058,P021,T049,56,35667.7,Valid
S0001154,2026-02-04,D000289,P026,T049,329,45681.84,Valid
S0003235,2026-07-03,D000079,P018,T033,6,9750.8,Valid
S0003245,2026-02-21,D000086,P019,T033,12,19077.51,Valid
S0001375,2026-01-20,D000283,P002,T032,40,74125.97,Valid
S0001591,2026-02-19,D000139,P027,T027,18,22849.94,Valid
S0001560,2026-01-08,D000107,P014,T027,7,14939.7,Valid
S0000044,2026-04-03,D000186,P001,T023,37,56365.35,Valid
S0002259,2026-05-07,D000090,P008,T039,19,35485.26,Valid
S0001118,2026-06-07,D000192,P011,T049,13,13388.14,Valid
S0001839,2026-06-11,D000162,P017,T016,21,28837.51,Valid
S0000214,2026-03-26,D000224,P019,T043,14,22706.46,Valid
S0000097,2026-05-26,D000149,P030,T023,26,22139.17,Valid
S0000787,2026-03-17,D000065,P015,T042,30,22300.96,Valid
S0003477,2026-01-05,D000270,P003,T011,5,11302.62,Valid
S0002027,2026-07-19,D000235,P021,T006,49,31174.61,Valid
S0004199,2026-02-05,D000059,P014,T029,3,7124.88,Valid
S0000455,2026-06-08,D000244,P010,T047,10,15902.83,Valid
S0002557,2026-04-07,D000237,P016,T039,12,22761.67,Valid
S0001516,2026-03-21,D000043,P019,T027,6,9093.48,Valid
S0002322,2026-04-05,D000094,P019,T039,7,10410.64,Valid
S0003144,2026-07-06,D000122,P019,T021,15,22992.77,Valid
S0001485,2026-03-05,D000124,P004,T027,165,55840.44,Valid
S0001954,2026-07-21,D000101,P029,T031,7,13101.24,Valid
S0000556,2026-07-20,D000152,P013,T031,13,24547.85,Valid
S0000601,2026-07-25,D000261,P021,T031,18,11734.98,Valid
S0003943,2026-04-02,D000131,P002,T002,11,20754.08,Valid
S0000649,2026-06-23,D000290,P025,T031,21,51385.02,Valid
S0004244,2026-06-12,D000069,P018,T048,8,13041.55,Valid
S0000655,2026-01-16,D000276,P015,T006,30,22218.8,Valid
S0001187,2026-04-14,D000253,P019,T049,9,14836.24,Valid
S0001830,2026-03-04,D000154,P017,T016,49,69320.28,Valid
S0001487,2026-04-24,D000043,P004,T027,69,23523.94,Valid
S0000617,2026-04-02,D000290,P005,T031,32,21745.15,Valid
S0000369,2026-07-24,D000058,P021,T049,63,39735.4,Valid
S0000088,2026-01-01,D000238,P030,T023,24,20864.47,Cancelled
S0002816,2026-05-20,D000225,P015,T026,43,32113.58,Valid
S0002501,2026-02-19,D000220,P029,T039,16,29968.21,Valid
S0002852,2026-07-06,D000266,P003,T044,15,33709.65,Valid
S0000618,2026-04-13,D000261,P005,T031,32,21745.15,Valid
S0002627,2026-02-01,D000197,P023,T031,11,27199.35,Cancelled
S0000706,2026-01-10,D000181,P007,T006,83,43443.48,Valid
S0003053,2026-03-23,D000122,P005,T021,34,23497.29,Valid
S0002120,2026-05-25,D000147,P010,T006,18,28154.97,Returned
S0002260,2026-06-22,D000211,P008,T039,21,38963.33,Valid
S0004119,2026-02-14,D000229,P025,T029,8,18611.04,Valid
S0002762,2026-06-11,D000227,P012,T026,37,49391.86,Valid
S0001927,2026-06-27,D000175,P025,T031,17,41119.56,Valid
S0003035,2026-06-18,D000100,P014,T021,8,17625.48,Valid
S0002246,2026-02-25,D000121,P008,T039,19,35251.41,Valid
S0003899,2026-06-18,D000005,P029,T002,12,22620.34,Valid
S0000889,2026-04-04,D000293,P018,T022,19,29785.99,Valid
S0000546,2026-05-02,D000152,P013,T031,12,22422.49,Valid
S0001384,2026-04-11,D000085,P002,T032,19,34741.81,Valid
S0001819,2026-07-02,D000169,P027,T016,14,18296.51,Returned
S0001725,2026-06-25,D000067,P029,T016,8,16142.74,Valid
S0002947,2026-05-09,D000063,P017,T044,47,66007.73,Valid
S0004354,2026-02-27,D000027,P027,T048,13,17187.2,Valid
S0000590,2026-04-01,D000291,P021,T031,18,11416.29,Valid
S0001508,2026-01-14,D000155,P019,T027,5,7607.26,Valid
S0000715,2026-04-04,D000062,P007,T006,136,71258.63,Valid
S0000917,2026-04-14,D000268,P023,T022,6,13669.86,Valid
S0002866,2026-04-19,D000223,P020,T044,23,22538.89,Valid
S0001414,2026-04-14,D000136,P005,T032,11,7717.85,Valid
S0004109,2026-06-09,D000030,P019,T029,32,49885.48,Returned
S0004285,2026-01-20,D000218,P015,T048,31,23219.06,Valid
S0002341,2026-01-16,D000121,P003,T039,17,37789.01,Valid
S0000303,2026-04-12,D000045,P021,T043,71,45212.89,Valid
S0002574,2026-01-22,D000068,P026,T039,146,20278.75,Valid
S0001588,2026-01-16,D000145,P027,T027,13,16879.87,Valid
S0003200,2026-06-15,D000256,P008,T033,6,11567.56,Valid
S0003564,2026-03-17,D000010,P026,T005,117,16227.57,Valid
S0003322,2026-07-12,D000079,P011,T033,40,42174.15,Cancelled
S0003026,2026-04-14,D000066,P014,T021,13,28641.25,Valid
S0002805,2026-02-08,D000225,P015,T026,43,32571.47,Valid
S0004045,2026-03-04,D000087,P024,T046,8,11354.88,Valid
S0001179,2026-02-07,D000174,P019,T049,8,12331.2,Valid
S0003150,2026-02-17,D000142,P030,T033,21,17959.28,Valid
S0002696,2026-05-21,D000118,P011,T026,19,20459.48,Valid
S0000754,2026-01-04,D000144,P023,T042,5,12542.51,Valid
S0001196,2026-05-25,D000025,P019,T049,7,11158.75,Valid
S0000232,2026-01-01,D000017,P009,T043,11,14417.68,Valid
S0004106,2026-05-10,D000281,P019,T029,43,66782.12,Valid
S0000626,2026-06-21,D000152,P005,T031,35,24114.07,Valid
S0001303,2026-03-26,D000204,P023,T032,6,13241.58,Valid
S0003574,2026-05-11,D000240,P026,T005,101,13965.11,Valid
S0003916,2026-03-25,D000005,P016,T002,13,24411.88,Valid
S0001786,2026-05-13,D000137,P004,T016,63,21446.49,Valid
S0000343,2026-07-03,D000172,P002,T049,11,21380.14,Valid
S0000937,2026-02-12,D000251,P003,T022,16,36236.46,Valid
S0001921,2026-05-02,D000274,P025,T031,5,12049.82,Valid
S0000823,2026-04-26,D000164,P019,T022,11,17892.23,Valid
S0000828,2026-05-19,D000050,P019,T022,10,15961.66,Valid
S0003339,2026-05-25,D000079,P020,T033,18,17663.16,Valid
S0002197,2026-03-18,D000184,P010,T020,9,13628.3,Adjusted
S0002789,2026-06-27,D000286,P025,T026,23,55868.58,Valid
S0002200,2026-04-08,D000071,P010,T020,7,11234.15,Valid
S0003748,2026-03-23,D000294,P010,T013,13,20725.25,Valid
S0003640,2026-02-04,D000212,P017,T013,32,44519.33,Valid
S0003948,2026-05-02,D000140,P002,T002,19,35088.15,Valid
S0001620,2026-04-07,D000206,P002,T027,17,32353.04,Valid
S0004311,2026-07-04,D000069,P015,T048,16,12138.75,Valid
S0001140,2026-04-26,D000025,P022,T049,134,38039.06,Valid
S0000042,2026-04-18,D000199,P001,T023,37,56365.35,Valid
S0002677,2026-01-15,D000041,P011,T026,24,24934.6,Valid
S0002909,2026-02-16,D000063,P008,T044,36,66307.31,Valid
S0001058,2026-06-04,D000046,P027,T003,8,10818.13,Valid
S0002453,2026-06-03,D000220,P010,T039,7,11385.03,Valid
S0001647,2026-02-18,D000102,P010,T027,7,10765.78,Valid
S0000726,2026-06-17,D000055,P007,T006,47,24549.0,Valid
S0004067,2026-01-03,D000267,P007,T046,21,11091.5,Valid
S0003669,2026-04-02,D000120,P007,T013,63,32813.67,Valid
S0002511,2026-06-19,D000208,P029,T039,15,29547.2,Valid
S0002029,2026-07-19,D000147,P021,T006,49,31174.61,Valid
S0003328,2026-02-12,D000275,P020,T033,26,25330.84,Valid
S0001873,2026-06-14,D000264,P005,T031,27,18285.31,Valid
S0003481,2026-02-25,D000146,P003,T026,17,37895.78,Valid
S0000731,2026-01-24,D000288,P010,T042,37,57386.05,Valid
S0002803,2026-02-18,D000041,P015,T026,43,32571.47,Valid
S0003234,2026-07-02,D000191,P018,T033,6,9750.8,Valid
S0000115,2026-02-10,D000056,P009,T023,11,14761.71,Valid
S0003309,2026-03-20,D000173,P011,T033,28,30026.56,Valid
S0003924,2026-06-27,D000131,P016,T002,14,25809.83,Valid
S0000771,2026-05-23,D000065,P023,T002,3,8014.22,Valid
S0002863,2026-03-12,D000022,P020,T044,48,46011.49,Valid
S0003449,2026-01-03,D000202,P027,T006,16,20432.51,Valid
S0002299,2026-04-09,D000006,P001,T039,29,44756.78,Valid
S0000098,2026-05-01,D000203,P030,T023,26,22139.17,Valid
S0001783,2026-05-20,D000221,P004,T016,63,21446.49,Valid
S0001200,2026-06-21,D000015,P019,T049,10,15001.93,Valid
S0004358,2026-02-16,D000218,P027,T048,13,17187.2,Valid
S0002238,2026-07-21,D000098,P002,T020,22,40658.19,Valid
S0002877,2026-06-07,D000008,P020,T044,25,23791.8,Valid
S0001313,2026-06-26,D000085,P023,T032,7,17156.34,Valid
S0003892,2026-05-19,D000131,P029,T002,14,27064.61,Cancelled
S0002702,2026-06-22,D000041,P011,T026,21,22090.75,Valid
S0000171,2026-07-07,D000285,P022,T043,31,8818.5,Valid
S0000981,2026-06-15,D000007,P027,T022,34,43829.61,Valid
S0001386,2026-04-15,D000061,P002,T032,19,34741.81,Valid
S0000477,2026-05-01,D000255,P012,T049,11,14547.43,Valid
S0002698,2026-05-08,D000225,P011,T026,19,20459.48,Valid
S0000636,2026-02-19,D000261,P025,T031,11,26380.11,Valid
S0000409,2026-02-14,D000039,P015,T049,31,23055.14,Valid
S0000739,2026-03-14,D000132,P010,T042,38,58750.24,Valid
S0001194,2026-05-21,D000271,P019,T049,7,11158.75,Valid
S0000159,2026-05-17,D000219,P022,T043,26,7294.57,Valid
S0004256,2026-02-27,D000027,P003,T048,5,10977.23,Valid
S0001806,2026-03-16,D000106,P027,T016,16,20148.02,Valid
S0002457,2026-06-08,D000104,P010,T039,7,11385.03,Valid
S0001415,2026-04-23,D000031,P005,T032,11,7717.85,Valid
S0002041,2026-04-04,D000260,P024,T006,35,49435.28,Valid
S0004018,2026-03-26,D000280,P004,T046,61,20709.05,Valid
S0003350,2026-07-08,D000079,P020,T033,19,18661.32,Valid
S0001339,2026-05-20,D000136,P008,T032,15,27453.41,Valid
S0000008,2026-02-13,D000186,P004,T023,88,29885.18,Valid
S0002797,2026-01-18,D000118,P015,T026,30,22551.17,Valid
S0002483,2026-05-10,D000068,P002,T039,24,45139.42,Valid
S0003207,2026-01-15,D000079,P018,T033,7,11335.88,Valid
S0000335,2026-06-14,D000255,P002,T049,11,20377.39,Valid
S0000929,2026-07-27,D000164,P023,T022,4,9317.84,Valid
S0000756,2026-02-12,D000288,P023,T042,5,11112.67,Valid
S0001763,2026-01-25,D000106,P004,T016,92,31028.96,Valid
S0003658,2026-07-09,D000185,P017,T013,22,30207.75,Valid
S0004137,2026-07-02,D000021,P025,T029,21,52504.69,Valid
S0003977,2026-07-09,D000267,P027,T046,46,59838.06,Valid
S0002352,2026-04-05,D000019,P003,T039,25,57465.97,Valid
S0001360,2026-03-08,D000246,P021,T032,92,58271.48,Valid
S0002660,2026-05-22,D000113,P014,T031,6,13740.13,Valid
S0003109,2026-04-15,D000122,P008,T021,14,25366.84,Valid
S0000798,2026-05-20,D000230,P015,T042,20,14800.64,Valid
S0001695,2026-06-19,D000162,P026,T016,276,38336.55,Valid
S0000291,2026-01-06,D000001,P021,T043,69,44012.96,Valid
S0001468,2026-04-01,D000073,P009,T032,10,13647.79,Valid
S0002497,2026-01-06,D000272,P029,T039,24,46554.52,Valid
S0002791,2026-07-07,D000225,P025,T026,10,25864.61,Valid
S0001668,2026-06-24,D000043,P010,T027,11,16326.17,Valid
S0001354,2026-02-22,D000061,P021,T032,31,19668.59,Valid
S0002206,2026-06-23,D000105,P010,T020,8,13117.6,Valid
S0000882,2026-03-05,D000012,P018,T022,50,77608.79,Valid
S0002885,2026-02-24,D000032,P028,T044,60,81536.7,Valid
S0002923,2026-05-16,D000032,P008,T044,13,24512.52,Valid
S0002334,2026-07-24,D000121,P019,T039,7,10867.97,Valid
S0001452,2026-06-21,D000026,P010,T032,22,33644.53,Valid
S0002894,2026-05-12,D000266,P028,T044,18,24014.17,Valid
S0002664,2026-05-09,D000035,P014,T031,6,13740.13,Valid
S0000091,2026-03-06,D000186,P030,T023,81,70262.89,Valid
S0002421,2026-03-14,D000272,P019,T039,6,9090.62,Valid
S0004134,2026-06-05,D000016,P025,T029,17,42035.77,Cancelled
S0001906,2026-07-24,D000274,P012,T031,43,57449.07,Valid
S0002876,2026-06-22,D000032,P020,T044,25,23791.8,Cancelled
S0000934,2026-01-21,D000126,P003,T022,14,32832.17,Valid
S0001285,2026-06-19,D000025,P013,T049,5,9710.35,Valid
S0002079,2026-02-12,D000117,P003,T006,11,24375.32,Valid
S0002372,2026-04-05,D000112,P030,T039,22,18678.75,Valid
S0002878,2026-07-10,D000063,P020,T044,33,31439.85,Valid
S0000316,2026-01-15,D000172,P002,T049,10,18207.67,Valid
S0000962,2026-01-02,D000007,P027,T022,28,36714.9,Valid
S0001080,2026-04-03,D000125,P008,T003,26,47356.5,Valid
S0003264,2026-01-13,D000245,P016,T033,7,13174.26,Valid
S0004321,2026-02-27,D000013,P026,T048,180,24932.48,Adjusted
S0002380,2026-06-13,D000019,P030,T039,17,14945.19,Valid
S0000788,2026-03-18,D000288,P015,T042,30,22300.96,Valid
S0001698,2026-01-03,D000067,P029,T016,8,14812.89,Returned
S0000086,2026-01-01,D000277,P030,T023,24,20864.47,Valid
S0000596,2026-05-03,D000152,P021,T031,20,12915.16,Valid
S0003761,2026-06-19,D000185,P010,T013,8,12380.17,Valid
S0004095,2026-03-24,D000074,P019,T029,15,22805.5,Valid
S0001122,2026-07-08,D000271,P011,T049,12,13087.55,Valid
S0001008,2026-07-14,D000134,P004,T003,237,80230.9,Valid
S0001327,2026-02-12,D000031,P008,T032,21,38666.35,Valid
S0001204,2026-07-14,D000216,P019,T049,8,12770.81,Valid
S0000425,2026-05-12,D000244,P015,T049,37,27561.87,Valid
S0003767,2026-01-21,D000120,P022,T013,111,31447.67,Valid
S0000598,2026-06-03,D000152,P021,T031,30,19370.7,Valid
S0002450,2026-05-05,D000011,P010,T039,8,12693.14,Cancelled
S0003770,2026-01-20,D000051,P022,T013,111,31447.67,Valid
S0004206,2026-04-23,D000059,P014,T029,9,18163.87,Valid
S0003100,2026-01-11,D000213,P008,T021,38,70566.26,Valid
S0002869,2026-04-13,D000032,P020,T044,23,22538.89,Valid
S0000778,2026-01-24,D000049,P015,T042,49,36610.63,Valid
S0000691,2026-04-15,D000231,P004,T006,45,15184.87,Valid
S0001794,2026-07-11,D000154,P004,T016,75,25295.43,Valid
S0003573,2026-05-09,D000004,P026,T005,101,13965.11,Valid
S0003551,2026-05-20,D000270,P029,T011,4,8428.09,Valid
S0002037,2026-03-10,D000147,P024,T006,35,49865.01,Valid
S0002620,2026-07-06,D000297,P009,T031,13,18326.03,Valid
S0001253,2026-05-11,D000271,P010,T049,16,24395.03,Valid
S0003581,2026-01-23,D000010,P014,T005,9,18149.18,Valid
S0002525,2026-02-09,D000208,P017,T039,16,22932.48,Valid
S0002048,2026-06-13,D000235,P024,T006,40,56740.91,Valid
S0003563,2026-03-23,D000166,P026,T005,117,16227.57,Valid
S0003034,2026-05-11,D000273,P014,T021,7,15024.03,Valid
S0003158,2026-03-04,D000256,P030,T033,30,25671.49,Valid
S0003545,2026-04-04,D000070,P029,T011,4,7459.59,Valid
S0002864,2026-03-02,D000254,P020,T044,48,46011.49,Valid
S0003211,2026-02-08,D000170,P018,T033,8,11678.45,Valid
S0001444,2026-05-26,D000026,P010,T032,17,27130.55,Valid
S0001469,2026-04-23,D000061,P009,T032,10,13647.79,Valid
S0002987,2026-02-03,D000213,P009,T021,21,29420.91,Valid
S0001198,2026-06-19,D000253,P019,T049,10,15001.93,Valid
S0000099,2026-05-04,D000056,P030,T023,26,22139.17,Valid
S0003987,2026-03-14,D000087,P023,T046,8,19104.64,Valid
S0003768,2026-01-19,D000212,P022,T013,111,31447.67,Valid
S0004262,2026-03-13,D000133,P003,T048,6,14082.52,Valid
S0001888,2026-03-27,D000033,P012,T031,22,29742.18,Valid
S0002651,2026-02-08,D000003,P014,T031,16,33048.0,Cancelled
S0002943,2026-03-02,D000063,P017,T044,46,65083.44,Valid
S0002474,2026-03-05,D000054,P002,T039,20,37250.04,Valid
S0001478,2026-07-03,D000026,P009,T032,23,32041.98,Valid
S0003911,2026-02-04,D000083,P016,T002,31,57475.76,Valid
S0003251,2026-05-25,D000086,P019,T033,11,17405.17,Valid
S0002465,2026-01-14,D000114,P002,T039,11,20849.46,Valid
S0002126,2026-06-16,D000147,P010,T006,16,24447.71,Valid
S0003431,2026-05-13,D000202,P012,T006,8,11118.33,Cancelled
S0002903,2026-07-01,D000063,P028,T044,28,37856.7,Valid
S0001089,2026-06-26,D000134,P008,T003,12,22400.42,Valid
S0000907,2026-01-27,D000050,P023,T022,3,6805.77,Valid
S0001989,2026-01-17,D000274,P004,T031,70,23845.76,Valid
S0004162,2026-06-27,D000074,P022,T029,33,9421.06,Returned
S0003426,2026-04-23,D000127,P012,T006,9,11820.95,Valid
S0002081,2026-03-05,D000117,P003,T006,6,13871.99,Valid
S0003001,2026-05-27,D000273,P009,T021,24,32860.4,Adjusted
S0003154,2026-02-11,D000086,P030,T033,21,17959.28,Valid
S0000233,2026-01-27,D000285,P009,T043,11,14417.68,Valid
S0003428,2026-04-11,D000236,P012,T006,9,11820.95,Valid
S0003561,2026-02-12,D000044,P026,T005,215,29800.24,Valid
S0002454,2026-06-26,D000272,P010,T039,7,11385.03,Valid
S0000423,2026-05-15,D000058,P015,T049,37,27561.87,Valid
S0003107,2026-03-04,D000066,P008,T021,18,32435.45,Valid
S0002833,2026-02-22,D000254,P003,T044,16,35505.7,Valid
S0002397,2026-03-13,D000112,P006,T039,16,24436.58,Valid
S0000463,2026-01-13,D000039,P012,T049,15,19835.56,Valid
S0000168,2026-07-15,D000034,P022,T043,31,8818.5,Valid
S0002950,2026-07-04,D000165,P017,T044,108,151208.1,Valid
S0000630,2026-07-22,D000291,P005,T031,34,23543.03,Returned
S0002217,2026-02-24,D000048,P002,T020,8,15497.3,Valid
S0001796,2026-01-27,D000162,P027,T016,13,17088.66,Valid
S0003972,2026-05-18,D000036,P027,T046,20,25621.01,Valid
S0002148,2026-05-07,D000147,P005,T006,114,78300.21,Adjusted
S0003947,2026-05-22,D000083,P002,T002,19,35088.15,Valid
S0001129,2026-01-03,D000116,P022,T049,58,16473.03,Valid
S0004312,2026-07-25,D000284,P015,T048,16,12138.75,Valid
S0003030,2026-05-16,D000213,P014,T021,7,15024.03,Valid
S0003657,2026-07-18,D000051,P017,T013,22,30207.75,Valid
S0000289,2026-07-17,D000234,P030,T043,23,19767.56,Valid
S0000793,2026-04-17,D000065,P015,T042,15,11409.46,Valid
S0002647,2026-01-01,D000014,P014,T031,8,17587.57,Valid
S0000994,2026-02-10,D000053,P004,T003,213,72091.81,Valid
S0003369,2026-04-26,D000202,P024,T006,12,17018.61,Valid
S0001681,2026-02-24,D000097,P026,T016,264,36685.22,Valid
S0002433,2026-06-26,D000272,P019,T039,16,25043.58,Valid
S0001277,2026-05-18,D000025,P013,T049,12,22756.0,Valid
S0001030,2026-06-13,D000125,P017,T003,10,13435.48,Valid
S0002956,2026-02-14,D000213,P030,T021,81,70290.33,Valid
S0001952,2026-07-26,D000274,P029,T031,7,13101.24,Valid
S0003691,2026-03-18,D000212,P018,T013,19,28659.64,Valid
S0000201,2026-07-19,D000017,P024,T043,13,17915.73,Valid
S0001737,2026-03-08,D000075,P019,T016,14,21496.08,Valid
S0002934,2026-01-05,D000266,P017,T044,18,25241.24,Valid
S0002533,2026-04-01,D000220,P017,T039,22,30513.42,Valid
S0000679,2026-07-17,D000062,P015,T006,34,25482.59,Valid
S0001534,2026-02-01,D000155,P016,T027,4,8336.59,Valid
S0000944,2026-04-11,D000040,P003,T022,16,35729.9,Valid
S0003278,2026-05-18,D000245,P016,T033,8,13942.1,Valid
S0003523,2026-07-23,D000265,P028,T011,13,17297.09,Valid
S0002462,2026-07-04,D000208,P010,T039,12,18118.61,Valid
S0003005,2026-06-03,D000273,P009,T021,17,22788.93,Returned
S0000909,2026-01-18,D000126,P023,T022,3,6805.77,Valid
S0000799,2026-05-10,D000144,P015,T042,20,14800.64,Adjusted
S0001629,2026-05-16,D000102,P002,T027,14,26646.77,Valid
S0000340,2026-06-20,D000172,P002,T049,11,20377.39,Valid
S0001258,2026-07-07,D000216,P010,T049,22,34158.12,Valid
S0001212,2026-02-01,D000192,P002,T049,15,27941.96,Valid
S0000456,2026-06-25,D000058,P010,T026,10,15902.83,Valid
S0000388,2026-05-09,D000076,P004,T049,131,44285.91,Valid
S0002631,2026-04-10,D000113,P023,T031,23,54059.19,Valid
S0000259,2026-07-16,D000009,P009,T043,15,20110.99,Valid
S0001403,2026-02-13,D000246,P005,T032,11,7272.51,Valid
S0002717,2026-02-01,D000095,P014,T026,19,40297.73,Valid
S0001997,2026-04-22,D000264,P004,T031,122,41344.68,Valid
S0004089,2026-01-13,D000021,P019,T029,22,34904.15,Valid
S0001382,2026-03-20,D000031,P002,T032,45,83470.07,Valid
S0002685,2026-03-12,D000227,P011,T026,20,20809.35,Valid
S0001802,2026-02-18,D000138,P027,T016,33,42877.89,Valid
S0001857,2026-03-09,D000274,P005,T031,22,15286.85,Valid
S0003890,2026-04-04,D000131,P029,T002,14,27670.64,Valid
S0000770,2026-05-16,D000057,P023,T016,3,8014.22,Valid
S0001970,2026-05-12,D000033,P016,T031,23,43396.05,Valid
S0001626,2026-05-20,D000047,P002,T027,14,26646.77,Valid
S0003422,2026-03-11,D000130,P012,T006,10,13053.07,Valid
S0000059,2026-02-10,D000056,P012,T023,21,27772.53,Valid
S0000197,2026-06-15,D000295,P024,T043,24,33834.46,Valid
S0003712,2026-07-17,D000196,P018,T013,27,42206.41,Valid
S0003829,2026-02-18,D000131,P030,T002,30,25701.99,Valid
S0002709,2026-07-24,D000041,P011,T004,30,31442.49,Valid
S0000540,2026-03-18,D000291,P013,T031,11,20976.7,Valid
S0003620,2026-04-26,D000099,P027,T005,17,22577.56,Valid
S0002420,2026-03-12,D000104,P019,T039,6,9090.62,Valid
S0001347,2026-06-12,D000136,P008,T032,15,28421.25,Adjusted
S0000757,2026-02-01,D000057,P023,T042,5,11112.67,Valid
S0000432,2026-07-08,D000076,P015,T049,55,41397.2,Valid
S0001655,2026-03-18,D000102,P010,T027,5,7179.37,Valid
S0000337,2026-06-05,D000039,P002,T049,11,20377.39,Valid
S0003860,2026-03-16,D000188,P014,T002,23,49482.53,Valid
S0000899,2026-07-20,D000164,P018,T022,21,32370.78,Valid
S0003490,2026-05-14,D000180,P003,T011,11,24574.59,Valid
S0004090,2026-01-22,D000110,P019,T029,22,34904.15,Valid
S0002514,2026-06-17,D000272,P029,T039,15,29547.2,Valid
S0002689,2026-03-18,D000118,P011,T026,20,20809.35,Valid
S0003699,2026-04-16,D000120,P018,T013,17,25813.74,Valid
S0001276,2026-05-11,D000192,P013,T049,12,22756.0,Valid
S0002471,2026-02-11,D000272,P002,T039,16,29721.76,Valid
S0002199,2026-04-18,D000048,P010,T020,7,11234.15,Valid
S0001903,2026-06-11,D000274,P012,T031,13,17609.88,Valid
S0001720,2026-05-06,D000137,P029,T016,6,12183.87,Valid
S0001429,2026-01-13,D000136,P010,T032,19,30096.98,Valid
S0000696,2026-05-23,D000108,P004,T006,87,29385.19,Valid
S0003124,2026-01-19,D000100,P019,T021,19,30573.09,Valid
S0001670,2026-06-09,D000038,P010,T027,11,16326.17,Valid
S0003011,2026-07-06,D000122,P009,T021,17,23597.79,Valid
S0003989,2026-03-23,D000135,P023,T046,8,19104.64,Valid
S0000117,2026-03-23,D000203,P009,T013,6,8227.97,Valid
S0003447,2026-01-05,D000130,P027,T006,16,20432.51,Valid
S0001654,2026-03-11,D000038,P010,T027,5,7179.37,Valid
S0000123,2026-04-09,D000149,P009,T023,18,24508.83,Valid
S0003789,2026-04-16,D000060,P022,T013,96,27214.86,Valid
S0002739,2026-01-11,D000118,P012,T026,16,21372.36,Valid
S0000621,2026-05-02,D000261,P005,T031,38,26227.15,Valid
S0000716,2026-04-01,D000080,P007,T006,136,71258.63,Valid
S0003373,2026-05-11,D000130,P024,T006,9,12904.59,Valid
S0001201,2026-06-17,D000174,P019,T049,10,15001.93,Valid
S0000860,2026-05-14,D000040,P026,T022,192,26629.02,Valid
S0004273,2026-05-03,D000226,P003,T048,6,12545.48,Valid
S0000575,2026-06-24,D000152,P011,T031,36,37876.31,Valid
S0000038,2026-03-12,D000056,P001,T023,19,28566.32,Adjusted
S0003472,2026-07-12,D000171,P027,T006,16,20946.58,Valid
S0003676,2026-05-20,D000200,P007,T013,46,24262.32,Valid
S0003950,2026-06-15,D000083,P002,T002,17,31834.08,Valid
S0003588,2026-02-06,D000109,P014,T005,17,36982.81,Valid
S0002665,2026-06-23,D000269,P014,T031,8,16895.26,Cancelled
S0001232,2026-07-21,D000216,P002,T049,16,30644.77,Valid
S0001779,2026-04-12,D000075,P004,T016,71,24068.13,Valid
S0003874,2026-07-26,D000083,P014,T002,15,32122.84,Valid
S0003513,2026-03-06,D000111,P028,T011,11,14776.07,Adjusted
S0003291,2026-07-16,D000256,P016,T033,8,14711.48,Valid
S0001872,2026-06-03,D000249,P005,T031,27,18285.31,Valid
S0001046,2026-03-13,D000046,P027,T003,7,9550.51,Valid
S0003276,2026-04-06,D000222,P016,T033,23,41790.27,Valid
S0001565,2026-02-22,D000124,P014,T027,7,14202.46,Valid
S0004007,2026-01-20,D000280,P004,T046,54,18181.11,Adjusted
S0000997,2026-03-27,D000082,P004,T003,92,31020.34,Valid
S0003118,2026-06-06,D000122,P008,T021,21,38911.03,Valid
S0003593,2026-04-27,D000263,P014,T005,8,17192.21,Valid
S0004271,2026-05-18,D000148,P003,T048,6,12545.48,Valid
S0001009,2026-07-18,D000053,P004,T003,237,80230.9,Valid
S0002911,2026-03-27,D000254,P008,T044,18,33052.75,Valid
S0003476,2026-01-07,D000265,P003,T011,5,11302.62,Valid
S0001711,2026-03-11,D000162,P029,T016,5,10478.28,Valid
S0000568,2026-04-27,D000261,P011,T031,30,31343.24,Valid
S0000215,2026-03-15,D000163,P019,T043,14,22706.46,Valid
S0001689,2026-05-26,D000106,P026,T016,583,80896.86,Valid
S0002906,2026-01-12,D000063,P008,T044,14,26684.25,Valid
S0001826,2026-02-09,D000089,P017,T016,32,44686.86,Valid
S0002641,2026-07-09,D000096,P023,T031,11,27287.79,Valid
S0003195,2026-05-18,D000275,P008,T033,15,27960.99,Valid
S0000176,2026-02-08,D000091,P024,T043,37,52232.54,Valid
S0001489,2026-04-24,D000124,P004,T027,69,23523.94,Valid
S0003697,2026-04-26,D000257,P018,T013,17,25813.74,Valid
S0004375,2026-06-03,D000133,P027,T048,13,16905.14,Valid
S0001297,2026-02-09,D000136,P023,T032,6,15297.07,Valid
S0000550,2026-06-21,D000261,P013,T031,16,29384.53,Valid
S0002680,2026-02-25,D000225,P011,T026,29,30587.28,Valid
S0000133,2026-06-02,D000056,P009,T023,7,9517.33,Valid
S0003985,2026-02-26,D000135,P023,T046,7,16255.0,Valid
S0000977,2026-05-22,D000012,P027,T022,22,28865.28,Valid
S0002122,2026-05-06,D000260,P010,T006,18,28154.97,Valid
S0003775,2026-02-02,D000051,P022,T013,90,25479.98,Valid
S0001509,2026-02-17,D000038,P019,T027,5,8534.38,Valid
S0002572,2026-01-05,D000272,P026,T039,146,20278.75,Valid
S0002388,2026-01-16,D000092,P006,T039,13,20432.33,Valid
S0003591,2026-03-07,D000018,P014,T005,26,54642.68,Valid
S0001233,2026-01-22,D000015,P010,T049,25,38881.25,Valid
S0000607,2026-02-15,D000291,P005,T031,36,24714.05,Valid
S0002329,2026-06-05,D000279,P019,T039,8,12274.96,Valid
S0002808,2026-03-19,D000041,P015,T026,47,35027.92,Valid
S0003073,2026-01-08,D000066,P018,T021,17,26613.92,Valid
S0003196,2026-06-12,D000170,P008,T033,6,11567.56,Valid
S0002667,2026-06-16,D000113,P014,T031,8,16895.26,Valid
S0000876,2026-02-09,D000278,P018,T022,18,27083.58,Valid
S0004366,2026-04-03,D000027,P027,T048,14,18233.29,Valid
S0003503,2026-01-01,D000270,P028,T011,19,25862.51,Returned
S0002415,2026-01-17,D000220,P019,T039,7,10973.88,Valid
S0000160,2026-05-14,D000009,P022,T043,26,7294.57,Cancelled
S0002897,2026-06-08,D000266,P028,T044,12,16797.72,Valid
S0000047,2026-05-13,D000203,P001,T023,32,49200.51,Valid
S0002524,2026-02-07,D000243,P017,T039,16,22932.48,Valid
S0002734,2026-07-05,D000095,P014,T026,14,30435.99,Valid
S0002488,2026-06-15,D000104,P002,T039,11,20321.45,Valid
S0002207,2026-06-12,D000129,P010,T020,8,13117.6,Valid
S0002668,2026-06-23,D000003,P014,T031,8,16895.26,Valid
S0003246,2026-03-16,D000170,P019,T033,28,43598.88,Valid
S0001267,2026-02-04,D000015,P013,T049,6,10842.96,Valid
S0003866,2026-05-26,D000140,P014,T002,16,33793.11,Valid
S0002517,2026-07-02,D000114,P029,T039,13,25852.61,Valid
S0001586,2026-07-15,D000102,P014,T027,11,23082.01,Valid
S0000775,2026-07-04,D000144,P023,T042,8,19781.74,Valid
S0001465,2026-03-20,D000205,P009,T032,17,23771.58,Valid
S0004175,2026-04-22,D000281,P007,T029,26,13592.59,Valid
S0001493,2026-05-12,D000161,P004,T027,111,37614.15,Valid
S0004122,2026-03-23,D000016,P025,T034,16,38996.98,Valid
S0002165,2026-02-22,D000123,P019,T020,10,16012.52,Valid
S0003960,2026-02-17,D000037,P027,T046,14,18326.89,Valid
S0004036,2026-07-18,D000267,P004,T046,94,31837.0,Valid
S0000005,2026-01-01,D000077,P004,T023,43,14478.72,Valid
S0000914,2026-04-04,D000287,P023,T022,6,13669.86,Valid
S0003992,2026-04-17,D000036,P023,T046,8,20137.61,Returned
S0003900,2026-06-23,D000140,P029,T002,12,22620.34,Valid
S0003919,2026-04-23,D000005,P016,T002,43,79458.29,Valid
S0000419,2026-04-15,D000255,P015,T049,34,25329.59,Valid
S0001999,2026-05-25,D000175,P004,T031,213,72068.4,Valid
